account_id,user_id,account_type,currency,opened_at,status
9447db6b-ba13-4c6c-9ad3-7357d3986cc0,c755898e-59b1-43af-ae16-9a4b938b9bd2,wallet,USD,2024-12-02 22:01:00,active
95b93652-9116-4cf2-96f0-257dbb4582d7,02eaab97-f36c-4d9f-a94b-1879f97934ba,wallet,USD,2025-04-06 00:05:00,active
b3d82281-ebde-4789-843b-09269c0e6e2f,40d50d1c-1605-4e37-9f89-5cc4935a9c29,wallet,SGD,2024-01-17 04:12:00,active
604ffd63-7c2a-4eb0-9291-3a07a13f3f44,40d50d1c-1605-4e37-9f89-5cc4935a9c29,checking,USD,2024-01-18 00:12:00,active
146d454b-731b-445b-a8d1-38ed2a45dc23,4116ab43-7950-452c-8f80-ce65d7d17d46,wallet,USD,2025-03-24 23:48:00,active
46412238-f09a-42be-869c-61fdea06d569,4116ab43-7950-452c-8f80-ce65d7d17d46,checking,USD,2025-03-29 19:48:00,active
96e7a7e5-f798-4f86-8ee0-3ad6e26a9cde,4116ab43-7950-452c-8f80-ce65d7d17d46,wallet,USD,2025-03-27 05:48:00,active
95ad769e-38b4-4d25-82b4-ac7126d7dd4f,18818435-5077-4140-8a20-01a8c6dc4862,savings,USD,2025-01-28 01:06:00,active
f38daa65-51e7-4f97-85a9-e88f44f23690,e90c754c-1b3e-4a3b-b25f-07980910f55c,checking,USD,2024-02-01 03:29:00,active
09636204-b13b-434b-a4c2-b03139b1e118,e90c754c-1b3e-4a3b-b25f-07980910f55c,checking,USD,2024-01-26 15:29:00,active
35bca324-c25b-4961-91e9-44ac868611bc,417ceeaa-e9b4-4afa-8d58-c929c7d6f553,checking,USD,2025-03-29 20:36:00,active
1219335c-244a-4bf3-94f7-fa36e35fc4c8,417ceeaa-e9b4-4afa-8d58-c929c7d6f553,checking,SGD,2025-04-06 14:36:00,active
cd4594c5-2198-40a5-b0c2-7d0c703a728c,3461b752-aaff-4371-83b7-391abf2bffe6,wallet,USD,2024-02-19 03:55:00,active
cbaa3b67-90eb-4f18-bd7a-f7003e3ce694,c5250df3-f3db-407c-aa39-99e8f2f1039d,wallet,USD,2024-07-08 14:42:00,active
56a19e26-12de-4529-b322-fd9bebd8bd7c,8c76f181-8033-4edd-8f70-3d0c28e1c6bd,merchant,USD,2025-01-11 18:10:00,active
31a97ec7-60cb-4cf8-964b-16af3336765f,8c76f181-8033-4edd-8f70-3d0c28e1c6bd,merchant,USD,2025-01-15 18:10:00,active
79d60bb4-7c81-4362-b983-7806fa6c2f8a,4d189c67-bca6-4e2d-8226-b07aab474ded,savings,USD,2024-12-17 00:53:00,closed
31322d77-2807-4935-822b-ed25270b9c91,4d189c67-bca6-4e2d-8226-b07aab474ded,wallet,USD,2024-12-24 06:53:00,active
693fcb54-b12b-4666-bf9c-b6d212e2dc7e,222a9756-09da-4fd1-b888-cd855a82007a,checking,USD,2024-05-24 04:13:00,active
534b717f-25b7-427d-a7b8-f3d474c45097,222a9756-09da-4fd1-b888-cd855a82007a,wallet,USD,2024-05-24 18:13:00,active
3102d5c2-6c36-4d3c-bd2d-12716ac9aeb4,2d6aea6d-399b-4b90-8293-b60b8162277c,wallet,USD,2024-09-19 08:56:00,active
45b33dee-6c69-4dc2-bfd7-702f21253b01,d85b91e9-b1f3-4598-815c-bb158ce9c396,savings,USD,2024-10-24 10:16:00,active
4fe9d412-c5de-482b-8b0f-c75b94f44a7d,d85b91e9-b1f3-4598-815c-bb158ce9c396,merchant,USD,2024-10-24 17:16:00,active
1ff38ab7-30d3-450f-8d01-51f81f263dfc,7d91f46c-fb58-4c10-af72-0b58665500fa,checking,USD,2024-03-18 14:31:00,active
9212cdd2-37d5-4181-84a0-ef279444e0db,7d91f46c-fb58-4c10-af72-0b58665500fa,checking,USD,2024-03-19 12:31:00,active
1c33a7ac-4aa9-4438-a779-e7adf50c5178,7d91f46c-fb58-4c10-af72-0b58665500fa,wallet,USD,2024-03-15 13:31:00,active
d8f7c057-6dd0-46d0-b91b-098d0d40386c,c9477995-8d62-44f2-8377-66bbbdfd55db,wallet,GBP,2024-12-21 01:38:00,active
c856741b-aaec-40ce-92d6-af69beedfd7c,20ba958c-c7a0-4fa6-921d-318307f745f6,savings,EUR,2024-10-13 18:43:00,active
917d39a4-818d-4403-bc3f-d4b166c7b48a,20ba958c-c7a0-4fa6-921d-318307f745f6,checking,USD,2024-10-13 06:43:00,active
d6fb51c3-833b-4ce2-8fc1-4377a0dc9033,42ab9d1b-46b9-4992-b8a0-50e8d2dba1bb,wallet,USD,2024-07-02 07:18:00,active
77f40a25-5e30-4493-8bcb-6873ad267ccc,b0a0291c-3165-424f-a049-cce433451df1,wallet,USD,2024-09-16 15:32:00,active
11284b68-4a23-446f-a5b3-7dc33d7fac80,b0a0291c-3165-424f-a049-cce433451df1,checking,USD,2024-09-20 22:32:00,active
0d9a15ef-83e7-420a-a63b-9880d4f8b42a,f0103064-4f22-4e0e-87fc-70243ba8245b,checking,GBP,2024-11-12 11:09:00,active
00ab645f-ecd8-4946-b36b-ec3231f14326,f0103064-4f22-4e0e-87fc-70243ba8245b,checking,USD,2024-11-08 09:09:00,active
e63ea30e-3b33-46b4-8cb1-fa43407b8cba,f0103064-4f22-4e0e-87fc-70243ba8245b,checking,USD,2024-11-12 21:09:00,active
2bf1ed3f-1ded-4028-959c-162fbb9e9d09,562b6ff9-8611-4002-99aa-70bc36a89048,merchant,USD,2024-01-06 13:20:00,closed
faff7591-9f2c-4640-bdd0-8a3721819c76,fa08bf94-434d-4a80-ae2c-7fc06d8fb389,checking,USD,2024-06-11 08:03:00,active
f780a958-3493-4497-8f12-2a1decf05a3f,fa08bf94-434d-4a80-ae2c-7fc06d8fb389,checking,USD,2024-06-06 20:03:00,active
936e3ade-9020-422d-bbf2-a33eeea80216,fc4a56d2-dcb3-4c40-ab77-36c94116c93a,merchant,USD,2024-02-10 10:49:00,active
e5348280-1d09-4b25-8282-7f68a5294dc7,06fd1838-9e14-4d3f-8a74-ab82a2e400ae,savings,USD,2025-03-30 05:27:00,active
f21670e4-d72b-4a51-a8df-63f215a11314,06fd1838-9e14-4d3f-8a74-ab82a2e400ae,savings,USD,2025-03-26 08:27:00,active
b2f4173a-c9af-4c8a-b7e6-5180c17e0ead,9c206a55-4118-4950-85f0-eff25c778a3b,checking,EUR,2025-01-03 03:25:00,active
2b6be2bf-5c50-4b43-9926-2c54c875e0f5,9c206a55-4118-4950-85f0-eff25c778a3b,merchant,EUR,2025-01-01 05:25:00,active
a1f4c846-49a5-4f23-a15d-3dc2ce009425,9c206a55-4118-4950-85f0-eff25c778a3b,checking,GBP,2025-01-07 07:25:00,frozen
f188dc19-4cb4-4136-8e44-181b13bbb086,9645579c-260f-4450-8544-6bfe7ac7d43d,checking,SGD,2024-03-11 13:14:00,active
1ef00aa1-62b7-44e5-acfc-6c6aafa5d550,9645579c-260f-4450-8544-6bfe7ac7d43d,merchant,EUR,2024-03-04 08:14:00,active
d37d3c88-f5a3-4d22-9ac0-cd4ca8cfa66e,afb6858f-94f3-4a9a-8b77-c2ddd9543e08,checking,USD,2024-02-10 00:40:00,active
6aad0c6d-4c45-4570-a866-27d0a52553fd,95091b7b-18be-494f-834a-19a954002218,wallet,USD,2024-05-05 08:42:00,active
55270408-ef84-47ab-9288-734c4827e6b3,ae9ff225-aa67-4a4f-9a7a-c74cc7dfa647,merchant,USD,2024-08-31 22:50:00,frozen
0a5e093c-2dc3-42d3-8f98-7e854e574fa5,b9ed8315-0dd5-4836-b73e-53867f3704c2,wallet,USD,2024-08-09 18:29:00,frozen
f4a270f8-baf1-4dc4-86fc-4e051e36b5f4,33b59be4-4a60-48e7-8f4a-b212a7fb9836,merchant,USD,2024-02-07 05:46:00,active
55706df0-3220-4c01-8d44-405ddc0b966c,4eabcb39-9131-49e9-ab94-90043e401ca7,wallet,USD,2024-08-12 14:17:00,closed
517c5daa-dc04-4271-a152-e12d60ce4df8,4eabcb39-9131-49e9-ab94-90043e401ca7,wallet,USD,2024-08-10 13:17:00,active
2dd2f256-87e7-4fd2-b981-3c2388834812,88f48078-c7ee-470c-bda5-7319d39de9dd,checking,USD,2024-02-01 06:34:00,frozen
6fb45514-c460-404e-ab80-2e18bddf2407,88f48078-c7ee-470c-bda5-7319d39de9dd,checking,USD,2024-01-30 10:34:00,active
f2d42bdd-6f04-4ec3-9270-9b2f7ea8153c,88f48078-c7ee-470c-bda5-7319d39de9dd,wallet,USD,2024-01-30 23:34:00,active
93ea4c49-ad4e-426b-872f-12b884549fad,f82a55a5-8c6e-40c8-b064-4a29ce77ff87,wallet,USD,2024-03-29 05:31:00,active
a611f273-0d92-4266-bfd2-d4508a8e5ace,e39dd901-eb35-4b54-abdf-ac2dc9a3eae6,checking,USD,2024-07-27 17:59:00,active
16e12bcb-5a99-46c6-9243-935135e9852d,e39dd901-eb35-4b54-abdf-ac2dc9a3eae6,wallet,USD,2024-07-24 03:59:00,active
9e40665f-eb77-49c1-8d2d-4f88775295fc,ecaf365f-240f-4cf5-ad11-2b0e8ed60e69,wallet,USD,2025-02-06 15:42:00,frozen
f836cae4-14da-481f-a0df-546f22b4589c,7f9ec2a4-a46b-4f4c-b50b-bc86a7fc962c,checking,EUR,2025-01-15 23:03:00,active
04a2d949-02bd-42fa-9eea-81ee75320b1d,fa22a4a9-2a73-4cda-a632-5f1048b8de15,checking,USD,2024-10-03 07:03:00,active
3db7a7db-2cc5-4187-8f4a-85b5cbff3918,787adc48-399a-4e16-a38a-2b1910df8c33,wallet,USD,2024-12-16 01:25:00,active
94f0e5f7-987e-4d3f-9b3e-b7758e107367,90a57c09-b950-400c-954c-1e78be281c8a,savings,SGD,2024-08-07 17:37:00,active
11dfc109-7416-4f43-8003-8d43dee1acbe,e9b4d170-999a-4273-892d-647054102881,savings,USD,2024-05-04 04:25:00,active
02c05a6a-05de-47c7-a26a-fcb9b5f04852,8fbc93c6-fecb-4a4d-b4d6-077cf965211e,savings,SGD,2024-02-08 00:29:00,frozen
c0b4746c-892a-4b82-b559-ae446ccaaa19,c97afa6e-4946-463b-810a-603e3869ee70,checking,USD,2024-05-22 07:59:00,frozen
bf11ffee-e52d-4fb1-b68d-3fc17988eef8,c97afa6e-4946-463b-810a-603e3869ee70,checking,USD,2024-05-23 01:59:00,active
8fdaf002-af8d-4516-bb29-eb5c7bf2c524,b7e570b1-b449-4999-81d8-b34af4a8d571,checking,EUR,2025-03-06 03:45:00,active
ec74dbc6-8e96-4885-aa1a-b8885af5a08f,b7e570b1-b449-4999-81d8-b34af4a8d571,checking,EUR,2025-03-11 22:45:00,active
c2dea708-be49-48d2-989b-4db6511c7a05,b7e570b1-b449-4999-81d8-b34af4a8d571,wallet,USD,2025-03-05 10:45:00,active
264cd694-5bb3-4a85-b3d5-6b696c98d8bf,c4a5da70-c60c-461d-b86d-b3eb0a257420,checking,GBP,2024-12-14 08:56:00,active
ec452002-070e-4733-9b36-b1e94ebefae9,e8843945-1147-4213-add9-bdcbc66a4e09,wallet,USD,2024-05-27 00:13:00,active
c1a621c8-ff44-42c4-b82d-731f83ecc0ae,e218fbb8-1a17-4eb1-9a24-3b31cdd7b812,checking,USD,2024-05-11 07:05:00,active
460741ba-cee2-4cf4-81d7-d1b8e8f34f35,e218fbb8-1a17-4eb1-9a24-3b31cdd7b812,merchant,USD,2024-05-12 05:05:00,active
d2cdf620-2785-4e84-bd9c-001abd3fda0c,c543db1f-b5a7-487a-8383-9493867c93b7,savings,USD,2024-05-19 14:47:00,closed
1859a4e4-6a61-4b58-b606-26fd78391967,c543db1f-b5a7-487a-8383-9493867c93b7,savings,USD,2024-05-22 08:47:00,active
18d7b67e-9a44-4185-9071-1f21ad567ee1,dd7a351d-c9ba-4f4f-82eb-17373de23359,checking,USD,2024-12-22 21:34:00,active
45a37a56-f1de-4352-83bb-a1ddd6ecef15,dd7a351d-c9ba-4f4f-82eb-17373de23359,wallet,USD,2024-12-20 01:34:00,active
8bc93a0d-745e-4ac3-81a0-635bcaeae5b9,11ac0fcc-d2f7-4abb-9117-aec77cb74305,merchant,USD,2024-06-09 21:57:00,active
ae7644ae-f041-4e2a-95ae-56c1bcf0e8ed,27263d8d-9c9d-45b9-80d9-fb1225108f87,checking,USD,2024-12-22 07:42:00,active
a150df14-bb59-4c4b-b6ec-184ecef7b6bb,27263d8d-9c9d-45b9-80d9-fb1225108f87,checking,USD,2024-12-21 10:42:00,active
12835b98-f328-4a41-9cd8-91c697b4fb12,4cb1bed9-352e-4ce2-8b7f-3c79d6d810e9,savings,EUR,2024-03-23 12:55:00,active
0f48de13-4772-4361-b8a2-cc68a201e8af,5d3b74f3-ba16-4e17-948c-08965d43a007,checking,USD,2024-06-28 15:51:00,active
09c30ce5-c910-4b0b-b0bb-b5d886920feb,5d3b74f3-ba16-4e17-948c-08965d43a007,checking,USD,2024-06-28 04:51:00,active
f30c9ab6-8b95-4513-8b5e-79e867343f61,9bb9da29-881c-420a-8f27-bce6755e1354,merchant,USD,2025-03-24 00:54:00,active
ea1f7f00-a928-4ecc-aa2e-8817fc275539,82777d68-f72c-44f6-9133-383b9b19a133,savings,USD,2025-02-18 23:14:00,active
c995064b-0ecc-45ea-b5ce-b10b0ab5a3a9,82777d68-f72c-44f6-9133-383b9b19a133,wallet,USD,2025-02-17 12:14:00,active
87784d53-bdbf-4aab-bc78-4549a894416d,0528da01-f167-4679-ade4-8cf8ff2e9792,checking,GBP,2025-01-31 21:22:00,active
38ddfd39-a4bb-4df0-8444-0f6dfc6f74cc,0528da01-f167-4679-ade4-8cf8ff2e9792,merchant,USD,2025-02-02 23:22:00,active
ee04af49-8ce5-49e0-92fd-9c686b1a38f2,05bfae56-b092-402a-a537-b5f8f4f56d1e,wallet,SGD,2024-01-21 00:56:00,active
37a1bc39-7e43-40f7-8e48-f04841b75e4b,3efde051-4f08-4348-bb81-7e22cace13d8,wallet,USD,2024-03-05 19:27:00,active
8ca946c0-602b-4544-8fc7-93a14c291445,5d8e65ff-9344-4e3c-8d79-a2847729b05e,wallet,USD,2025-04-09 08:12:00,active
1855f4b9-86c0-4b9b-a195-70fcbd26f007,6510f346-b1ec-4e0d-8dd4-acd2b688b9e5,checking,USD,2025-01-12 15:47:00,active
13f1dde4-d32b-4b67-bfae-1f3b0d1efa25,b544b6ab-f126-41d6-bbcc-568a7b1173d6,wallet,USD,2024-11-17 20:42:00,active
6311e02e-557f-4953-bbeb-4d2b3e7a1978,fecd36a0-a1a9-492d-85d6-4b1cf6c86cd9,wallet,USD,2024-07-30 00:25:00,frozen
a329fc9b-8215-4af6-a4b9-793281c80914,fecd36a0-a1a9-492d-85d6-4b1cf6c86cd9,checking,USD,2024-07-28 20:25:00,active
0a92c21f-469f-43bd-8a3e-42b4722c69f8,6264b6ce-7c56-478c-a3fb-408e9b17f541,merchant,USD,2024-12-22 21:57:00,active
8224d616-a3a3-4a24-8e24-c6de12b5ed54,6264b6ce-7c56-478c-a3fb-408e9b17f541,wallet,USD,2024-12-14 20:57:00,active
bdf1a5d8-c5b7-4e6e-b740-65c58f949a58,c56c1e61-14bc-4628-ac89-2e1f209d4f4b,merchant,USD,2024-05-28 07:27:00,active
e4ec4d11-3e74-4b57-85cc-e19e798cca3d,c56c1e61-14bc-4628-ac89-2e1f209d4f4b,savings,USD,2024-05-31 23:27:00,active
0bc7b70b-eb36-4e64-b042-b3515cf4a27d,c56c1e61-14bc-4628-ac89-2e1f209d4f4b,checking,USD,2024-05-26 17:27:00,active
0d946f1d-3a98-420e-bf12-48b4848526f4,8d7a4d58-1354-443b-8ecd-4aafd93de2ca,merchant,USD,2024-12-19 15:32:00,active
8bc8974d-f152-41ba-994a-8e1f40f8b273,8d7a4d58-1354-443b-8ecd-4aafd93de2ca,merchant,USD,2024-12-13 20:32:00,frozen
fbb82574-d05c-4c81-869f-21a97f2e6625,d32c235e-5479-4506-b048-6c6fd638c0d3,wallet,USD,2024-11-15 17:05:00,active
42c45378-1501-408c-b124-4a8760c52272,d32c235e-5479-4506-b048-6c6fd638c0d3,merchant,USD,2024-11-17 12:05:00,closed
9f623e68-6260-40c4-bebb-839c099bd68a,d32c235e-5479-4506-b048-6c6fd638c0d3,wallet,USD,2024-11-18 02:05:00,active
13617a0b-ba85-4942-9879-9134fd348238,892b8380-fb42-4048-94b1-cee151344aaa,checking,USD,2024-04-12 22:01:00,active
316ed330-acb6-4df7-a112-5db7883fe3b6,892b8380-fb42-4048-94b1-cee151344aaa,checking,USD,2024-04-19 04:01:00,active
2e4aab4f-bb31-49ce-af80-c84f3c44069b,892b8380-fb42-4048-94b1-cee151344aaa,checking,USD,2024-04-14 12:01:00,active
339454a9-ebc0-47a6-8e5a-96b3fa22a87a,3a5725a0-a0c4-4aae-9cb9-c59c881123d7,wallet,EUR,2025-04-01 13:36:00,active
8a0750e7-817b-48d3-9ad7-d35f2e3eaaa8,3a5725a0-a0c4-4aae-9cb9-c59c881123d7,checking,EUR,2025-04-01 04:36:00,active
b0751de4-257c-4075-a4e0-eaa2776ae4a8,53e6ff8f-af2c-4902-8764-a26d48c81f72,savings,GBP,2024-12-22 06:57:00,active
9d86104a-f436-4290-bb3f-cf3bdeb76c36,53e6ff8f-af2c-4902-8764-a26d48c81f72,merchant,USD,2024-12-19 10:57:00,active
9bc5246c-097d-4cdc-98a2-8625d47e66dd,53e6ff8f-af2c-4902-8764-a26d48c81f72,wallet,USD,2024-12-19 14:57:00,active
d1d77630-2aed-42d4-80bc-439a97bcb1d0,d914245a-d2f5-4233-89d5-e19a389a69ce,wallet,USD,2025-01-01 20:29:00,active
90142278-8289-4dac-b91a-d27fe2432edf,b43a6226-d227-43a9-b20b-d2c094df422a,checking,USD,2024-08-28 08:33:00,active
37a3266c-adc6-4049-b8fe-bc16602c19a0,721026e7-3546-4044-8c5b-b299111a22e5,checking,EUR,2024-11-18 00:57:00,active
a4aa6d11-f691-411a-b854-15eedba5d8cf,721026e7-3546-4044-8c5b-b299111a22e5,savings,EUR,2024-11-16 14:57:00,active
586cd1ab-2f3e-4c41-8e80-29aa29050417,721026e7-3546-4044-8c5b-b299111a22e5,savings,USD,2024-11-14 13:57:00,active
1907823b-c265-44eb-b485-3fa8b3bf9ebd,f1bad760-359e-44c1-9968-a709ee7bbed8,merchant,SGD,2024-08-24 02:48:00,active
7ea78f53-bc57-43af-b7a8-76fc097b69c0,f1bad760-359e-44c1-9968-a709ee7bbed8,savings,USD,2024-08-21 08:48:00,active
ffc3275c-4ce5-40f1-8110-848828632160,ec666317-96aa-48c6-a03b-f00762525fc9,merchant,USD,2024-05-10 12:28:00,active
28978059-632c-47cd-ac74-0a7e57b218d0,4c804dd4-762b-4057-9c98-86c8ed02b2f4,wallet,SGD,2024-02-15 13:09:00,active
8a59f61e-177c-40dd-ab4d-066a1535932c,9fbf9f52-8c9a-4a38-aaf2-d64b4842756f,checking,USD,2024-06-27 03:29:00,active
b5a16107-32ce-4366-b921-9f21a993ad22,39af78b8-3961-47a9-8497-146442a336f9,savings,EUR,2024-12-24 11:54:00,active
09f3e751-60f1-41bd-848e-c7cb581b87dc,39af78b8-3961-47a9-8497-146442a336f9,wallet,USD,2024-12-28 02:54:00,active
0fb924d1-8906-4f3b-8f4f-1c078e6aee16,e0110dc4-5e4e-437f-b16d-22289cdbb800,wallet,GBP,2024-06-02 04:54:00,closed
eff315a1-ee78-42bc-abd2-5154c37ed537,e0110dc4-5e4e-437f-b16d-22289cdbb800,savings,USD,2024-06-06 15:54:00,active
067b087a-d229-4d26-9c36-0e9fbf1bef3c,e0110dc4-5e4e-437f-b16d-22289cdbb800,checking,USD,2024-06-02 04:54:00,active
78dd9a38-b727-4026-aedc-84e663948db0,7364a689-c52a-42da-9281-e049b214c511,savings,GBP,2025-02-15 21:57:00,active
e552d82c-8fa2-4bac-b70e-e1489d1ffe45,7364a689-c52a-42da-9281-e049b214c511,checking,USD,2025-02-19 07:57:00,active
2c4cbf33-48d4-4801-b987-b5ba570d12ed,ccc53634-92df-48ce-91a7-df0c46e0259e,wallet,USD,2024-12-14 23:51:00,active
6810c52c-bfa3-4cdb-abcf-f17e5a3f4cee,ccc53634-92df-48ce-91a7-df0c46e0259e,wallet,EUR,2024-12-14 14:51:00,active
4175390c-a721-42b0-8916-2e348a1012c7,234031cf-cb8e-468b-a833-136285d92f34,wallet,USD,2024-10-07 13:58:00,active
9abe0eb0-cb87-466c-8d7a-8e55a5871616,547eae59-b859-4c89-94a2-2cdb2c5d0a8a,checking,USD,2025-03-20 09:11:00,active
2fc9ff16-72c8-4e25-b600-43a80b147b42,547eae59-b859-4c89-94a2-2cdb2c5d0a8a,checking,EUR,2025-03-26 03:11:00,active
d2315171-4a9d-49bb-a9f4-578f87c058fc,547eae59-b859-4c89-94a2-2cdb2c5d0a8a,savings,USD,2025-03-20 22:11:00,active
5e461392-5c4f-4a42-b313-a53e3129d59c,945389e0-cbd0-48e6-bb63-6d8cd1f78538,checking,USD,2025-03-29 10:17:00,active
bd424e17-3d41-4350-a638-76f3efd52c7d,945389e0-cbd0-48e6-bb63-6d8cd1f78538,wallet,USD,2025-04-05 13:17:00,active
52a0c10c-8293-4800-86be-d8caabc2c18e,945389e0-cbd0-48e6-bb63-6d8cd1f78538,savings,USD,2025-03-28 15:17:00,active
cd319447-a711-400a-bb45-a2da90316530,d4e993f5-643d-4e1d-9c99-ecb94a497359,wallet,EUR,2024-10-09 10:22:00,active
d78fb6b7-21da-4d85-93f5-fbef32804701,4bf806c3-b8e4-4cba-ae90-fa1afd326ae1,checking,USD,2024-05-06 19:53:00,closed
e8fa1c7e-198c-4682-9855-988e3a251da1,7de6c1c3-6ebe-4527-ae25-426f6ac67ee1,checking,USD,2024-04-30 12:44:00,active
75cdab31-0047-4b16-80c3-52b9d0dcce44,d9cf9fdc-1d0f-4c11-ac93-b0056fa008de,checking,USD,2024-03-08 04:19:00,active
74597baf-d0b1-46fa-835d-9520f04eafae,d9cf9fdc-1d0f-4c11-ac93-b0056fa008de,checking,USD,2024-03-03 10:19:00,closed
366ab221-ce77-497f-837c-0a08f3c95eae,4b7094e4-2041-41a7-b9c1-9d7626b93b41,wallet,SGD,2024-07-12 15:45:00,active
319053b6-57c4-43e4-8a48-cc09746459b1,f61ce2b3-3094-4f9e-8004-9498217ad1e9,checking,USD,2025-02-05 19:54:00,active
a0940e4f-4e3e-4398-9273-61c7f6c5cbab,f61ce2b3-3094-4f9e-8004-9498217ad1e9,checking,USD,2025-01-31 16:54:00,active
ad93b2ac-6d8a-419a-87a6-beda25e10886,d6ad169b-a29e-4315-b3db-4bf2befd49da,wallet,USD,2024-10-05 22:42:00,active
d0c83c2c-c695-486f-b300-72451399e2cb,d6ad169b-a29e-4315-b3db-4bf2befd49da,wallet,USD,2024-10-08 08:42:00,active
c9ab7b8a-1fda-4b8f-bcba-6c97a5526a63,1afc60f0-cfe4-4504-899c-778fbee06fd3,wallet,USD,2024-09-14 12:27:00,active
3db550d7-4160-427d-8007-3140aa0e3597,1afc60f0-cfe4-4504-899c-778fbee06fd3,checking,USD,2024-09-14 02:27:00,active
d8eb5126-1de1-414f-8acc-32bd88b0cd8a,85440910-4327-406a-a558-099c5ff04aad,wallet,GBP,2024-08-17 05:46:00,active
9f4fbbcc-dbae-4ac2-bfd6-0f5e5020be29,85440910-4327-406a-a558-099c5ff04aad,savings,USD,2024-08-12 19:46:00,active
2b4a7840-9755-4d0a-a74c-434b18f0520a,951184d3-e693-4933-b472-07b556c7988e,merchant,USD,2024-09-11 17:27:00,active
85d38815-06f4-45f8-8f72-ae86541098b3,951184d3-e693-4933-b472-07b556c7988e,wallet,EUR,2024-09-09 13:27:00,frozen
41e938ea-9bd6-42c8-aa24-cda5d13dc292,746ccc77-67b5-46ef-988b-5878e0ba86a6,checking,USD,2024-02-19 14:56:00,active
4d4536de-0376-4933-a781-84e023e360e6,746ccc77-67b5-46ef-988b-5878e0ba86a6,checking,USD,2024-02-17 20:56:00,active
0eb8a486-fa0c-4bec-9750-3433d4acb644,6bd8e4b0-0736-439c-8b57-90ae805b1cff,savings,GBP,2024-09-17 12:11:00,active
e1117d4d-589e-47d4-8cab-a3b16fd1c178,330f18bc-8eab-45e8-a610-eef910884e59,savings,USD,2024-12-28 09:35:00,active
ed44e4b0-63dd-4b36-b301-335a0853e4c3,b27c6520-066c-47c1-a03e-5f5c5b00274f,checking,USD,2025-01-23 22:44:00,active
0da6aac8-623f-4bed-bfd2-9e2f2700073b,9f30f95a-0c1f-4ad6-acc9-324e730c7da3,wallet,USD,2024-07-31 21:15:00,active
8bfa476b-5d07-4a77-be87-8f87f2b2ad03,9f30f95a-0c1f-4ad6-acc9-324e730c7da3,merchant,USD,2024-07-30 03:15:00,active
6bbb1436-9730-4ba1-b9c3-29de60fc44e2,d484fd78-78e3-46eb-b65e-4f1cf92db574,savings,USD,2025-01-18 22:21:00,active
212e4cbf-3c01-484f-bca1-dd318b5accba,5e62dff2-0819-47e9-8665-cda052a5dfa5,wallet,EUR,2024-04-09 08:07:00,active
2674bcf0-0d49-4d77-a1a0-3725923f80b4,aa0a17a7-a1a3-4ac1-bc70-801bfe844a1a,wallet,EUR,2025-01-15 16:48:00,closed
6aac7fb0-a725-4072-9a23-b3cf91e45de2,7a673148-7ad7-4e48-818a-80a6b22bd93c,wallet,GBP,2024-07-07 18:19:00,closed
2b22d700-949f-46e7-8ad1-45ad03ef006c,7a673148-7ad7-4e48-818a-80a6b22bd93c,wallet,USD,2024-07-04 17:19:00,active
2b8182f4-6ab3-442e-830a-8968fb9b0b04,7a673148-7ad7-4e48-818a-80a6b22bd93c,wallet,USD,2024-07-10 15:19:00,active
7d61b2e6-71e9-4aa1-aa5c-444924b52b56,24bace5c-e7bd-4382-95b8-e9f4e4232786,merchant,USD,2024-06-08 16:08:00,active
fdc0d5f5-9c27-433f-838c-b3a793cce438,24bace5c-e7bd-4382-95b8-e9f4e4232786,wallet,EUR,2024-06-02 14:08:00,active
8e3e47e4-e5a6-419c-b487-142c5820f7fc,24bace5c-e7bd-4382-95b8-e9f4e4232786,wallet,USD,2024-06-07 05:08:00,active
6e02e77d-3d68-48fa-8180-0b94e696b89a,94406609-f9bc-42fe-9c1a-50d803ede515,checking,USD,2024-09-05 04:21:00,closed
5badce84-3ca2-46b9-ad72-c324020aed32,94406609-f9bc-42fe-9c1a-50d803ede515,wallet,USD,2024-09-09 04:21:00,active
82cb75c9-93fb-41f0-9b56-f338d66d03e7,94406609-f9bc-42fe-9c1a-50d803ede515,wallet,USD,2024-09-04 02:21:00,active
95c418c5-df79-45f2-a7f8-271ef2476937,5bfb2f0c-08b8-4d1e-8c06-4d66457cadde,wallet,SGD,2024-02-13 05:31:00,active
633436e1-4ee4-42c3-815c-30a291194df2,ab8f5c6c-7f3a-496b-b546-991731061365,wallet,USD,2024-06-07 16:15:00,active
8c157de0-63b0-4a6f-8b3b-8c393ff27db1,b3505b84-0125-48a0-bfd8-d79092dd9378,wallet,EUR,2024-10-01 21:28:00,active
5b9ebbeb-56fd-4714-91e2-008fdded2249,b3505b84-0125-48a0-bfd8-d79092dd9378,checking,GBP,2024-10-01 23:28:00,active
5f205d83-1e25-4a3d-9377-06acbf79fb7f,b3505b84-0125-48a0-bfd8-d79092dd9378,wallet,USD,2024-10-02 07:28:00,active
a22f2637-3d04-4589-b6d1-70e11ecc0b55,e77eaaa9-5f21-4d24-8cf1-acb7cfcfc62c,checking,EUR,2024-10-28 06:03:00,active
14d70c77-3bb5-4906-9f55-bcaa6f555700,e77eaaa9-5f21-4d24-8cf1-acb7cfcfc62c,checking,SGD,2024-10-29 00:03:00,closed
cf939bae-e486-4609-b201-81a0de6a19fd,b1332d27-5f57-49d3-8acc-773aff5a857e,checking,EUR,2024-12-06 22:10:00,active
7e4d32ee-082c-4123-bf73-612154b7e9f6,131a39ce-ad64-4fc4-8270-6ef62ac3342a,checking,USD,2024-11-04 08:18:00,active
c7d029b9-64dd-4311-9151-a7f90af002d7,131a39ce-ad64-4fc4-8270-6ef62ac3342a,savings,USD,2024-11-01 07:18:00,active
5a766e71-196c-475c-a750-db7e89028b88,131a39ce-ad64-4fc4-8270-6ef62ac3342a,checking,EUR,2024-11-06 04:18:00,active
c0a6d1db-f9a6-4696-bbaf-cacf8a5b5098,61e72412-1fc5-4bf6-8284-908506698eb4,savings,USD,2024-12-26 23:59:00,frozen
0b94792d-d6f0-4fbd-b0da-f55e37c67558,4128c10c-69f4-4e69-9dec-1e2858e1641d,checking,USD,2024-02-29 17:14:00,active
30c36a5b-9239-4731-8548-c16ae1892b9d,927dfb17-1787-4504-aebf-344269b073e4,savings,USD,2024-06-11 23:47:00,active
d7523521-734d-41d6-a1fa-03cf5290f9c1,927dfb17-1787-4504-aebf-344269b073e4,savings,USD,2024-06-09 02:47:00,active
5cd341ef-6bb7-4527-b435-f0dad25a669b,6b9db873-8950-4004-8fe4-f11824e88234,checking,USD,2024-06-11 22:25:00,active
44f2f47d-af15-4b54-8c74-973f842d51cc,6b9db873-8950-4004-8fe4-f11824e88234,wallet,USD,2024-06-07 21:25:00,active
36cd6229-e104-429c-9692-90e5ed97e408,370cfa94-cb02-4527-a566-cb61fbec1f34,savings,EUR,2024-01-30 21:47:00,active
16e577f9-b8dd-4699-bb4b-717cc7d86859,370cfa94-cb02-4527-a566-cb61fbec1f34,checking,GBP,2024-01-26 16:47:00,active
fef26592-0108-4dde-85c5-87b8117c5d9c,370cfa94-cb02-4527-a566-cb61fbec1f34,wallet,USD,2024-01-29 04:47:00,active
0ff03c60-2b41-48f0-bf45-f9ac578abb2b,927fff22-1d72-4870-b9d8-1e3b170f4323,checking,USD,2025-03-21 00:37:00,active
0efbfea3-21c7-4450-ac2b-8de0a891bb49,7247e4f1-d42b-462f-b111-712cfa4a4869,merchant,GBP,2024-01-23 22:30:00,active
ea07df80-9704-4f68-b9ce-74a2934d33c2,7247e4f1-d42b-462f-b111-712cfa4a4869,checking,USD,2024-01-28 01:30:00,active
a0a21845-6099-4f60-9c35-ea584ad7768b,7247e4f1-d42b-462f-b111-712cfa4a4869,merchant,SGD,2024-01-23 15:30:00,active
edc78dc7-8461-4fcc-a67b-1e3261ba51b1,3b8f43b3-6586-48ec-9e70-f72034d2d14c,checking,USD,2024-11-28 08:05:00,active
53b2d3a9-2f10-4f0d-a18a-1d338eaacee8,3b8f43b3-6586-48ec-9e70-f72034d2d14c,checking,USD,2024-11-28 00:05:00,active
6bcef0c9-ca51-4e26-b121-8600ec191d95,3b8f43b3-6586-48ec-9e70-f72034d2d14c,wallet,USD,2024-12-01 18:05:00,frozen
1872608c-eb6d-43d1-8580-651c2e094958,a53536ba-fe29-4735-a67b-68e7a6716c76,wallet,USD,2024-06-20 01:44:00,active
c3fd7cc5-222f-4fa0-ad8a-a8e4d9322b44,a53536ba-fe29-4735-a67b-68e7a6716c76,savings,EUR,2024-06-20 22:44:00,active
5894a55c-36e6-46ac-b009-fe86b58bd8ab,f95a0730-8c80-470b-9f43-cb090a0bb9fd,wallet,USD,2024-08-22 17:20:00,closed
7b8b0e9b-59eb-4946-b94e-1ce3e2fd6495,8ad419b7-0789-4a2d-b501-02b0611c6c72,wallet,USD,2024-01-06 13:55:00,active
992c0ad0-7834-45f3-8222-5c24c069698c,d0ef8868-7ec1-4510-80e3-b5a17bdda85f,merchant,USD,2024-09-17 23:28:00,frozen
bfc23593-f922-40c2-a570-d77c613cfc25,7f4cee0c-f41c-4aca-91b0-2ea895e76ea6,wallet,USD,2025-03-27 08:31:00,active
c6178dbb-e112-4a51-bd64-6fa514e8d52c,f4d3c96c-4d01-40c1-925d-1bb0d8cefd83,merchant,USD,2024-10-11 14:35:00,active
f15b0809-d3b7-46ac-88fe-73822c44db1c,f4d3c96c-4d01-40c1-925d-1bb0d8cefd83,wallet,USD,2024-10-12 01:35:00,active
852c6c11-cc2a-4dd9-ad3d-9b892c65dcb1,f4d3c96c-4d01-40c1-925d-1bb0d8cefd83,wallet,USD,2024-10-19 06:35:00,active
53b7a02f-5935-4dba-8d87-25c86d9ca3b3,c4d66081-a098-4b13-acdc-56b4ddf2ab79,merchant,GBP,2024-03-10 17:53:00,active
a98dbb4f-8dac-4bb0-8e25-53463150eb3a,c4d66081-a098-4b13-acdc-56b4ddf2ab79,wallet,USD,2024-03-04 20:53:00,active
42da592d-16c7-4b24-962f-71e1b69e3e73,c4d66081-a098-4b13-acdc-56b4ddf2ab79,checking,SGD,2024-03-09 07:53:00,active
8c7bf965-4f14-4970-af17-a878eb5d977b,be939e40-9b1e-4147-b608-feb9f30912bb,wallet,USD,2024-09-01 09:29:00,active
fe93215c-050c-4c9c-bfda-3ad84c557140,be939e40-9b1e-4147-b608-feb9f30912bb,wallet,USD,2024-09-03 14:29:00,active
7a00c5ef-3c61-40dc-b2e5-d992bef8959e,be939e40-9b1e-4147-b608-feb9f30912bb,checking,USD,2024-08-31 03:29:00,active
b9d54aa0-769f-45b9-b654-4ee960aa6903,9d6677fe-4d79-4e2a-8be2-33c283973987,merchant,USD,2024-03-19 07:17:00,active
96d02c62-191a-4585-b860-01f7ee64d010,0fc5906b-f00c-454e-ac37-40b220a489df,wallet,GBP,2024-01-05 12:46:00,active
3f042e98-abf5-4d92-a22d-c42f479750dc,f8e3a1d2-c527-4767-8ec5-e634414ec466,checking,USD,2024-08-26 13:30:00,active
35284a7d-c30b-4d4a-84da-a317d286b1a5,f8e3a1d2-c527-4767-8ec5-e634414ec466,wallet,USD,2024-08-18 15:30:00,active
5340e18e-0c1b-400d-92c2-1508d8f8a002,7f0af650-4e08-4c4d-b710-db42045b415b,wallet,USD,2025-03-23 14:44:00,active
9a026cc8-c103-4e36-ad7d-9977aaaa7f6c,7f0af650-4e08-4c4d-b710-db42045b415b,checking,USD,2025-03-24 08:44:00,active
316dc3bd-7ec7-4ba2-b9c5-9e9cc3ca18d2,7f0af650-4e08-4c4d-b710-db42045b415b,wallet,USD,2025-03-31 03:44:00,frozen
1b329bd7-bd37-4269-a592-76a7f003980a,fa1706ab-259e-41a1-a7d3-05a089abf99a,checking,USD,2025-01-22 03:45:00,active
417e4bc2-a842-4a53-945b-630ddf95c71a,8581a797-d00d-4e7c-ad1a-600750576c8e,wallet,USD,2024-12-03 05:31:00,active
3aeea242-2e1a-4a55-86f8-f54a9652d3c8,2c85a035-7227-4cc1-9e0d-ce1fcf3ea50a,checking,USD,2024-02-27 08:06:00,active
cec078c6-b40a-4e58-8132-2f57fe660169,2c85a035-7227-4cc1-9e0d-ce1fcf3ea50a,wallet,USD,2024-02-24 04:06:00,active
0770c34b-06f0-4a63-89ca-218a6173bcf2,2c85a035-7227-4cc1-9e0d-ce1fcf3ea50a,merchant,USD,2024-02-28 00:06:00,active
43ccccc6-c930-4013-bdb9-42541266bbc9,0b4044ef-fe9d-4f58-a873-a73f194befb7,checking,USD,2024-03-21 10:30:00,active
89057a10-fc7a-44d7-afae-4e9c9525b2e3,0b4044ef-fe9d-4f58-a873-a73f194befb7,checking,USD,2024-03-27 16:30:00,active
5d3b3b02-b294-43bb-8c50-1f6389171eb7,0b4044ef-fe9d-4f58-a873-a73f194befb7,checking,GBP,2024-03-21 13:30:00,active
ef1cc4a4-b99d-450e-8737-269ab86d9035,049ed29c-1526-42d6-8ae0-9dff910ee884,checking,EUR,2024-02-18 18:54:00,active
35e58ff1-b0f9-4ee2-a659-288072fe9a29,87e0020d-3dc4-479a-83a9-bc135f5ef098,checking,USD,2025-01-27 11:55:00,closed
d7e95bf0-c590-4a98-9ac7-67c6ef54188e,87e0020d-3dc4-479a-83a9-bc135f5ef098,wallet,GBP,2025-01-27 10:55:00,closed
a1bcd794-56b1-469f-9f24-9c06d74cb021,606ee6be-75cd-47e4-a854-658d7c33ca2a,merchant,EUR,2024-04-28 16:05:00,active
3d311e16-b7e3-46bf-abad-86448aae8531,606ee6be-75cd-47e4-a854-658d7c33ca2a,checking,USD,2024-04-30 17:05:00,active
8ad3924e-c6a2-486d-9ae4-d51f0b95e027,606ee6be-75cd-47e4-a854-658d7c33ca2a,wallet,USD,2024-05-03 17:05:00,active
b542efef-b661-4cd7-8d10-7fd6cccca063,f3cb0e3c-de8a-420a-834e-980824c15969,checking,SGD,2024-04-05 11:19:00,active
3d061014-0611-4adc-bea4-e805d984bc30,b978a17c-86a1-4f9f-b921-cca8902cd3f7,checking,USD,2024-07-15 04:09:00,active
683ad93d-bb54-411f-90d9-cc0c73580d17,4c2c11d6-b162-4299-ac1d-617654f0813f,wallet,USD,2024-02-16 08:55:00,active
b2f0192c-7627-4c54-914d-967ab6f5471e,4c2c11d6-b162-4299-ac1d-617654f0813f,wallet,GBP,2024-02-20 18:55:00,active
08de3966-ab01-42b0-970f-16c5a65dfb1f,cde6a098-738d-4e13-9a74-c3a222709495,wallet,EUR,2024-08-30 15:16:00,active
cf28b6de-ad1d-4a3d-b995-895d55410897,ca413b3c-0b78-4672-88f6-25ee706f960d,checking,USD,2024-12-19 10:10:00,active
6c345b81-a703-4b22-a788-22689b91fea0,05fca632-a800-4141-9342-ab2a7aaf89a7,savings,USD,2024-12-24 07:29:00,active
c043c751-093f-4156-90c1-00f5ed87fdda,05fca632-a800-4141-9342-ab2a7aaf89a7,checking,USD,2024-12-24 14:29:00,active
e0096d7a-f3be-4f0a-8a53-2fd396ccff5f,c156f5b7-92d0-425b-b87b-18352c58c0fc,wallet,GBP,2024-05-07 10:36:00,active
b5faf0fe-dc01-4bfa-8c14-c11cedb57030,c156f5b7-92d0-425b-b87b-18352c58c0fc,wallet,USD,2024-05-06 11:36:00,active
a3460e1a-cd75-42aa-9591-0b43a07d0cb9,6aec4abc-a185-4f38-a871-91e1f7ba39d4,checking,SGD,2024-12-11 03:17:00,frozen
321ea541-09cc-4ad0-bf94-ce4c38569b5b,6aec4abc-a185-4f38-a871-91e1f7ba39d4,savings,USD,2024-12-06 23:17:00,active
7f3aa241-f7fc-4a6a-80ce-7f7e82488e29,73f8ca8e-aeb3-4166-b106-d43274563532,merchant,USD,2025-01-22 09:53:00,active
516e8ac4-b31a-402a-9c12-8f113c161631,73f8ca8e-aeb3-4166-b106-d43274563532,checking,USD,2025-01-23 00:53:00,active
cc2620da-1343-4ee4-b6f7-03a4a6037e93,d4bc71c9-8261-48bf-afa1-ed33a502ca83,wallet,EUR,2024-06-29 19:40:00,active
ef044b47-8107-4b9d-8081-8363feee758b,0f07c3c9-f8d5-400b-8187-f2fa374b4eca,checking,USD,2025-03-09 16:40:00,active
99c1d801-be31-4d88-b70c-3a5ee0ace5b7,0f07c3c9-f8d5-400b-8187-f2fa374b4eca,checking,USD,2025-03-08 20:40:00,active
10a2ddbf-840b-4430-a068-70b80cb84ecb,76436103-2e19-466a-918e-6120c231ea45,wallet,USD,2024-10-26 14:46:00,active
d7774191-fcd4-4ab4-a766-dedad21358f7,a26e563a-500c-4c58-b132-8887b43b6b64,savings,USD,2025-02-07 21:56:00,active
9f8aac60-d8a4-4939-bdb1-6cde4c370b24,a26e563a-500c-4c58-b132-8887b43b6b64,wallet,EUR,2025-02-08 04:56:00,active
4a491b46-7d9a-48b4-bfb7-ad6d121b2843,a26e563a-500c-4c58-b132-8887b43b6b64,checking,USD,2025-02-07 04:56:00,active
1d15d9d7-8cdd-4f0b-b4e4-996e7d533cc0,3064a304-2304-42c5-9f04-00364af7dfde,wallet,EUR,2024-05-19 21:51:00,active
f64d0e47-0cbf-414a-9637-ba584085b391,d9689c6f-4e12-4489-aa4b-b3ba25e1a13e,wallet,SGD,2025-01-25 11:55:00,active
3400262b-66b6-4d04-8a49-396ad1e8cbee,e42a2a55-0f2c-4329-8def-0a7eea55c2cc,wallet,EUR,2024-07-07 08:50:00,active
f58f7cd0-72b0-4f01-916e-560696f72024,e42a2a55-0f2c-4329-8def-0a7eea55c2cc,checking,USD,2024-07-06 14:50:00,active
f4802a9e-8b3e-4200-8e69-fb47a5c1c97f,e42a2a55-0f2c-4329-8def-0a7eea55c2cc,checking,USD,2024-07-11 13:50:00,active
d95ea569-c122-446a-9ef8-ce52e4d0d21a,5feed964-4309-44e9-9e44-1cb14efe63d9,wallet,USD,2024-12-19 02:37:00,active
5a2948c7-11ad-46b5-8c78-e02ed3cc2d1c,5feed964-4309-44e9-9e44-1cb14efe63d9,checking,EUR,2024-12-12 05:37:00,active
3c99aac9-3fbc-4c91-abda-ea7dc71f0430,91290559-e807-4e6c-9d80-5ebf4d4f6a15,checking,USD,2024-01-21 14:56:00,active
e8110e06-2e80-47ff-8d22-209d39ce51a2,bfb9deb5-21e3-4ee8-9943-b35f6e7cc494,checking,USD,2024-11-24 12:58:00,active
71ee936d-21d7-4982-a85a-6d7bd4f0ed69,96fcfe15-20e0-4723-948e-2a1a271ca46c,savings,USD,2024-06-05 01:07:00,active
01f94a95-a380-4353-b873-edd6016e7c7d,96fcfe15-20e0-4723-948e-2a1a271ca46c,savings,USD,2024-06-09 09:07:00,active
ea911073-bef4-4052-bb9b-c25079437e4c,fc076682-1ef2-4d8b-8855-2ff2c71935f2,wallet,USD,2025-01-19 08:34:00,active
ec9ed0b8-3eb7-4f83-8ba4-8076bd97c4ce,fc076682-1ef2-4d8b-8855-2ff2c71935f2,checking,USD,2025-01-23 23:34:00,active
c7c54d85-9b21-404e-b425-7aff98fbfe8e,d64ae516-0037-4245-9d17-a3e990b6d189,savings,USD,2024-11-19 11:17:00,active
e4498070-d2a2-49e1-8c02-deabcd880986,d64ae516-0037-4245-9d17-a3e990b6d189,checking,USD,2024-11-17 18:17:00,active
5bede795-f093-4d5a-9ca6-050950557923,5a3c1f1f-90cd-49cf-b476-21b36445803b,checking,USD,2024-07-09 17:43:00,active
d99785d6-ffcd-4991-a5d0-2f04e4203b92,5a3c1f1f-90cd-49cf-b476-21b36445803b,wallet,USD,2024-07-09 02:43:00,active
1058c03b-9e7d-4311-9875-323b0526293b,5a3c1f1f-90cd-49cf-b476-21b36445803b,checking,USD,2024-07-08 03:43:00,active
1e789c3d-8a0c-43e7-b615-8b0385f7b690,a4e8da13-53a0-4492-a901-664c75bbf3c1,wallet,USD,2024-03-13 17:05:00,active
85814ba5-6663-455d-ad43-48d0ba5f6cf0,c8002f94-2d87-4e8b-89d7-c07ce0e0aa12,wallet,USD,2024-06-22 18:08:00,active
effd4421-630c-40ea-8bb3-3d19e68ce6e3,c8002f94-2d87-4e8b-89d7-c07ce0e0aa12,checking,USD,2024-06-29 15:08:00,active
ff6478d7-8913-4bbb-be83-69b280228863,332674b2-2da9-4777-afd9-67a09b049e72,savings,EUR,2024-11-05 14:52:00,active
73707548-95ed-4f1d-9ee8-167c45d49f4b,332674b2-2da9-4777-afd9-67a09b049e72,checking,USD,2024-10-28 12:52:00,active
b5bdf48a-eaae-4e58-a514-675c4c9ef9b2,71fd4cfa-1e30-4d49-ba71-c78372436b58,checking,USD,2024-01-03 17:54:00,active
39d61003-1eeb-406d-8f4b-7af973a693e3,f7fddc8d-9ff5-45c9-9b86-aaae68465eae,wallet,USD,2024-03-04 03:55:00,active
a2d3d8c3-6fda-4852-8047-04ab0fca0735,f7fddc8d-9ff5-45c9-9b86-aaae68465eae,checking,GBP,2024-03-02 00:55:00,active
254fd322-5e7e-469b-a9d4-d2917766faa6,f7fddc8d-9ff5-45c9-9b86-aaae68465eae,checking,EUR,2024-03-03 13:55:00,active
50506ada-f6fa-4006-8ca3-20a0b1b57e3e,491826c9-ee70-4ae1-8975-a88cccda3cd8,wallet,USD,2024-01-10 19:16:00,active
ab2b2830-5cd1-41d3-9d56-c1346647cab0,395eb464-f840-40c9-8a59-0dd63031b50b,merchant,EUR,2025-02-10 23:32:00,active
3586f689-afbb-4728-84f8-f8183cf0e253,36a623d4-37da-4800-9927-c68d8dced195,checking,USD,2025-02-13 13:33:00,active
fd5f7fbe-9a9a-4784-b7db-a4e2fbdb4f62,36a623d4-37da-4800-9927-c68d8dced195,wallet,USD,2025-02-06 17:33:00,frozen
5ac7510d-3cf9-4079-a9b1-d05a86b340bc,36a623d4-37da-4800-9927-c68d8dced195,wallet,USD,2025-02-15 04:33:00,active
5bd6bcc8-9021-4929-af0d-6d3191f6204b,f4c1d970-10a4-4fe7-bddc-c1cbd3aa48bd,savings,USD,2024-08-03 00:43:00,closed
d0bfa900-c72b-40bb-9c52-50643816d1a4,f4c1d970-10a4-4fe7-bddc-c1cbd3aa48bd,savings,USD,2024-07-25 23:43:00,active
478da330-7b8c-4e2c-b6f9-0b584a642ec4,f4c1d970-10a4-4fe7-bddc-c1cbd3aa48bd,checking,USD,2024-07-28 17:43:00,active
73b956e2-bbd3-4dfc-84e0-e14ae622d92b,cffc3c1c-9e08-4a11-94e6-832a86238344,wallet,USD,2024-02-11 07:17:00,active
af439080-050a-46d7-9f10-3185ec1b3115,991e888b-99bc-4182-9cf7-19bf85848fca,checking,EUR,2024-09-30 00:29:00,active
8e842786-0931-4be1-aaa5-aa55001a6e08,daea4f2e-94a2-4cc1-ab3e-365deb37093b,checking,EUR,2024-12-02 15:46:00,active
9be5b6bd-1b0d-46ee-80e2-75e17a4c462f,fa4d2c61-7552-482b-a68f-40ce9842fafb,checking,USD,2025-03-02 18:25:00,active
e7b607db-892a-4cc6-ac57-85a07601e77e,0848c5c2-ae26-4780-bfac-c81f157b0cd4,checking,USD,2024-03-21 19:59:00,active
e0a30c4e-1c6a-4395-ad97-ef7d7795ad89,0848c5c2-ae26-4780-bfac-c81f157b0cd4,wallet,EUR,2024-03-21 16:59:00,active
56926c6e-4613-4ace-9d51-53733a2d5bc5,b1392f9b-3334-4b18-b65a-ef3c6429e830,checking,USD,2025-01-22 21:51:00,active
ad9e218e-b319-4373-aa03-7a523a4a5de3,3a780ac4-0f5f-4fbe-9000-e7832f2264f8,merchant,USD,2024-03-12 02:22:00,active
81931864-341a-4879-8441-aea2125fbb88,3a780ac4-0f5f-4fbe-9000-e7832f2264f8,savings,GBP,2024-03-04 18:22:00,active
68129283-071b-40e4-beeb-6d2b6788a436,77a5e9f6-dbc7-4b05-b9ac-96b69539ab4a,savings,USD,2024-01-31 21:38:00,active
c3999a3b-bf94-4590-891f-bfd70b23ccc4,02c5c688-4cf4-438b-b08c-25e53e24bfdf,wallet,GBP,2024-04-25 01:22:00,closed
2100209a-db7e-4050-a9cf-bdc81589c631,02c5c688-4cf4-438b-b08c-25e53e24bfdf,merchant,EUR,2024-05-03 19:22:00,active
b985b38e-4bff-4d81-9ea9-33c61a867556,acfb69fa-ae4f-40ba-8e31-054efdf1cd14,checking,USD,2025-02-23 18:54:00,active
e17da235-a3ae-4f48-be2e-7bb6e491b249,9bc3e4b2-93dc-4ef6-9191-629e7af29166,checking,USD,2024-12-12 01:17:00,active
738d2ba0-bddb-42ca-9f6f-e773c366b7a3,9bc3e4b2-93dc-4ef6-9191-629e7af29166,wallet,GBP,2024-12-10 17:17:00,active
52cc2e18-65d5-40f0-b84b-c5f7943026c4,778a3051-0dac-4992-a861-544ac75cb377,savings,USD,2024-01-11 03:55:00,active
05e3ba2b-bfa5-4960-a140-d0b93691cc6c,778a3051-0dac-4992-a861-544ac75cb377,wallet,GBP,2024-01-12 21:55:00,active
e2e3b275-2d13-430d-b5e7-82fce4272023,9bb1361d-c22b-4836-b4c9-f20981854653,savings,USD,2024-01-22 03:47:00,active
8f9b2bbe-14aa-4057-84fe-143cf2243688,9bb1361d-c22b-4836-b4c9-f20981854653,wallet,USD,2024-01-17 18:47:00,active
29a854bb-686c-4f6b-b095-82d2d4e275f2,b81854de-70b4-48f3-9f1a-6b72d183bdbf,checking,USD,2025-01-08 01:49:00,active
910de82a-6b0a-4ea0-97ff-c9507ee2e1c6,b81854de-70b4-48f3-9f1a-6b72d183bdbf,savings,USD,2025-01-05 01:49:00,active
6a522c63-02ae-479b-bdd5-438c94d2de1c,30fcfd25-b718-436b-8946-723dd7801cfd,checking,EUR,2025-01-25 08:03:00,active
95fe73d4-08dc-4dc5-a1f5-db7399584392,30fcfd25-b718-436b-8946-723dd7801cfd,merchant,USD,2025-01-22 18:03:00,active
80fcd767-8051-411e-80b9-af2a6737dc96,7fc44ae8-9328-4c3a-b83b-2e15f90fccde,wallet,USD,2024-08-08 17:13:00,active
89745e9a-0eda-4f02-b22a-c0c26ab65b86,92e2abcd-2534-423e-b1a3-d06d590eeaa6,checking,USD,2024-11-04 19:33:00,active
a8e8ee6f-a1c5-4165-9def-9384f7400c09,8a7f70a5-60a7-45cb-99cc-c58d58b82c7e,wallet,USD,2024-04-22 07:13:00,active
df91014e-8065-46b3-84ce-3fe8fe89fc59,9b6049fd-7dcd-4df2-92fc-b9df4c52ad77,wallet,USD,2024-08-12 06:08:00,active
6dcbb82b-f78d-4b44-9b63-fe55df645e52,9b6049fd-7dcd-4df2-92fc-b9df4c52ad77,wallet,EUR,2024-08-14 15:08:00,active
c4a76c1e-c2f1-463c-9f6a-c8a51c2c360e,4d98fe54-911d-41bf-a74e-9a3f187eacf7,wallet,USD,2024-02-10 07:55:00,active
8dbd3efe-6dac-4b86-a26e-9f7621abb750,4d98fe54-911d-41bf-a74e-9a3f187eacf7,checking,EUR,2024-02-11 16:55:00,active
9f9bb3b9-50e5-49f1-b2a3-098cf1e8d561,9d43e17c-3a3c-4327-a476-8046da5de50b,savings,USD,2024-10-22 12:36:00,active
237e6761-4818-4e0e-8357-7091bc412d01,9d43e17c-3a3c-4327-a476-8046da5de50b,checking,USD,2024-10-22 16:36:00,active
4b49fe52-b651-4314-9d7d-0e98c754a400,d32683cb-bcca-45de-b2e7-796c2b47ca47,wallet,USD,2024-06-19 18:51:00,active
713731c3-f622-4398-b435-9ba8ec9b39ce,d32683cb-bcca-45de-b2e7-796c2b47ca47,wallet,USD,2024-06-20 05:51:00,active
2b30904e-3c10-4913-a83e-6102464b44d4,01b284e5-2200-456e-a705-744b46bf8c44,wallet,USD,2024-08-13 04:15:00,active
b5084786-dcc3-4f38-bb9f-05f9c7a9e28d,01b284e5-2200-456e-a705-744b46bf8c44,checking,USD,2024-08-12 20:15:00,closed
5443db21-7c24-4cce-9be8-91656687a6bb,01b284e5-2200-456e-a705-744b46bf8c44,wallet,USD,2024-08-18 20:15:00,active
a34c19e7-8da0-4c4e-95f3-181573754b8f,b11e88d5-42a8-418f-9cd9-244ba27afbd3,wallet,GBP,2024-06-26 13:21:00,frozen
4c044943-261d-4617-a39f-7817bff059c7,35ad2555-1853-4e3c-aa4c-5f1e4d7f7bcf,savings,USD,2025-02-05 17:22:00,active
41fd80b7-ddc3-4989-afee-80dba6b7a748,6ecf6ae4-f6ca-4281-92c7-4e47f4514103,checking,USD,2024-04-15 12:38:00,active
917b3b4d-0c0c-4bd7-8fb3-9d8b6dff6473,e78d4d41-1262-48e6-a4c1-a8e0108abdbf,savings,USD,2024-09-01 08:48:00,active
da02e4d7-1d84-4600-b905-edb2b5aad219,4fd83e9f-5133-457d-aec1-8141b149d04e,checking,USD,2024-11-17 16:55:00,active
849de4d7-90c9-4635-a515-c98d47bee224,4fd83e9f-5133-457d-aec1-8141b149d04e,wallet,USD,2024-11-19 11:55:00,active
f272780a-edc9-42e6-9422-d81ab25d6a48,4fd83e9f-5133-457d-aec1-8141b149d04e,checking,USD,2024-11-19 01:55:00,active
c9b7884d-fd9a-4460-bc5e-2f2c5a780199,60dce8fb-9e31-4521-8425-6c4d457ed8d6,savings,USD,2024-11-27 09:50:00,active
a64def22-8e17-4004-92aa-9d817bf8d4af,60dce8fb-9e31-4521-8425-6c4d457ed8d6,checking,USD,2024-11-26 11:50:00,active
7c0fee9d-edd8-4fd7-8a17-68d885219fe2,60dce8fb-9e31-4521-8425-6c4d457ed8d6,wallet,USD,2024-11-28 22:50:00,active
7ad20573-e56e-4902-85cb-989353b6da97,b91d89fb-0643-4160-a850-1fe879e8ca3c,wallet,USD,2024-01-24 12:23:00,active
35a8b9e9-3283-4648-9381-1900ed7a0c88,e483ed07-32b4-4113-84e6-9e7b1239dd0a,wallet,GBP,2024-11-20 14:32:00,active
2a8ffe13-a4b0-48e8-9ce0-072c022d66bd,2141bf9b-c04d-427b-9dc7-6d3a9a147ced,checking,USD,2024-08-19 08:41:00,active
9e081cca-c525-4f0e-901b-7d9479b9803e,618b38ae-4509-4fd0-8aa1-c18a977474b0,wallet,USD,2024-02-24 01:45:00,active
38adc6ca-298d-47bb-8f01-ccf4e9aa3c90,618b38ae-4509-4fd0-8aa1-c18a977474b0,checking,GBP,2024-02-28 12:45:00,active
a7500b97-0a3f-4c54-9f08-75864175edf3,4a9adc6b-4b0b-4e72-9aef-9a387e649260,wallet,USD,2024-08-18 01:33:00,active
755e38c6-365b-4dcb-8314-879c75310ce0,00e60571-2055-4b31-b74e-dde43fd8d1fb,wallet,USD,2024-06-23 09:38:00,active
3c629ca3-ed4b-42b2-a815-27579ed34d3c,038708b4-8434-4568-849f-5ddac1e7a794,savings,EUR,2024-12-20 00:18:00,active
534c8e4e-c359-4b9f-b9bf-e0a29860400a,11cf08bd-7c9c-43b2-801d-00b05afc2075,wallet,USD,2024-02-12 13:42:00,active
d9ce899d-78ba-40e6-95f5-39156674eaf5,11cf08bd-7c9c-43b2-801d-00b05afc2075,merchant,USD,2024-02-14 00:42:00,active
abd57695-2013-4a95-9029-7b4624262e71,f85e0782-32e9-40c7-8a19-06c06bf74605,checking,USD,2024-03-09 08:45:00,closed
83ca565a-464b-42c4-94a5-fd78461d1b54,f85e0782-32e9-40c7-8a19-06c06bf74605,wallet,USD,2024-03-10 01:45:00,active
e461e584-6896-4143-8300-e4a7e4d8c06c,f85e0782-32e9-40c7-8a19-06c06bf74605,checking,USD,2024-03-12 11:45:00,active
993e9fa7-1310-46d1-b145-76612832f3a2,64d99d54-2e8c-483b-837f-4173dcd913ae,merchant,USD,2025-02-28 02:42:00,active
4f94f95c-3286-4531-9018-c37e35126697,05186d8c-b80e-4968-a58c-8ed67d8a85ce,checking,USD,2024-09-21 05:01:00,active
d27944b7-d013-499d-8832-fc93c6c11f54,29823d48-59ab-42bf-b9d9-946b715ccc25,savings,USD,2024-04-11 04:08:00,active
d5a8b8d1-0456-433e-ba68-04ec1e4559bc,29823d48-59ab-42bf-b9d9-946b715ccc25,wallet,USD,2024-04-16 15:08:00,active
58172a8a-ece2-4dc3-95b1-cb9e69896d30,29823d48-59ab-42bf-b9d9-946b715ccc25,merchant,USD,2024-04-12 00:08:00,active
17f50c6d-e7bf-4185-9116-777549026602,072e9883-4afc-4fdf-9436-873bd203f4c4,wallet,USD,2025-03-06 18:56:00,frozen
2a16713f-514f-40f2-aea2-39c3752786a6,c3890c78-34da-4536-b0d4-dece73b84e64,wallet,USD,2024-07-12 13:10:00,active
84779dcc-eda5-48a3-aebe-6ca351dc7cca,a66b080d-419d-4d0e-abe5-f31109cf106f,savings,USD,2024-08-16 17:26:00,active
922c2285-a92a-4e77-bf96-df95f153e57f,a66b080d-419d-4d0e-abe5-f31109cf106f,savings,USD,2024-08-20 17:26:00,closed
bf810559-1df4-4324-8119-a83c55ef0ae6,c582a67a-44fe-45cd-a26d-b0267129c3e7,merchant,EUR,2025-02-11 15:14:00,closed
612d0f77-4713-4ce0-9a51-d2708e8de8a0,22f84ee3-721a-46b3-95bc-c0630813deed,wallet,USD,2024-04-18 11:43:00,active
08f4f579-f0ba-4615-8f53-3039f13a2196,22f84ee3-721a-46b3-95bc-c0630813deed,savings,USD,2024-04-11 13:43:00,active
246ce999-8633-4eb7-8288-12c068a34f7a,22f84ee3-721a-46b3-95bc-c0630813deed,merchant,USD,2024-04-16 04:43:00,active
5ef7aa83-6916-41f3-bc2f-1e2ad49865d8,b9014816-7dab-4a78-9e19-e4d2ff840773,merchant,EUR,2024-07-17 06:33:00,active
54c8112d-9a48-46d5-b04c-892a3b215e07,b9014816-7dab-4a78-9e19-e4d2ff840773,wallet,USD,2024-07-22 21:33:00,active
96cb9f88-392f-4a5d-b974-48ae338340ae,646233e0-7eda-4bb5-8655-c19e14c48fd6,checking,USD,2024-05-17 05:41:00,active
33d968fc-4baf-497c-951f-5cdb08c573b1,d794bd84-bcf4-44e3-9265-3f540e37c679,checking,USD,2025-03-17 23:18:00,active
27e8140f-9a1f-47d6-8a33-737f52be3265,d794bd84-bcf4-44e3-9265-3f540e37c679,savings,GBP,2025-03-15 02:18:00,active
f6db4540-54e6-451b-b26d-dc64632246f5,04f7f8b4-d504-479d-949b-f84aa203284c,wallet,USD,2024-08-18 11:58:00,closed
6804ed52-2ec1-4933-8e8e-b5f80687a34d,04f7f8b4-d504-479d-949b-f84aa203284c,checking,USD,2024-08-17 19:58:00,active
2856351a-3cb3-4ea2-a209-96df2b18185a,04f7f8b4-d504-479d-949b-f84aa203284c,merchant,USD,2024-08-21 06:58:00,active
a240d6d9-7380-4dd4-a092-c7127433e67f,54747601-6f81-48b8-b560-aa3b190a4425,merchant,USD,2024-07-26 09:23:00,active
35300021-0926-4dcb-81fe-05ecd8d506f9,0cba63d3-310e-429c-bb96-9dd631af212e,wallet,USD,2025-03-07 02:41:00,active
4d8fc288-7ae5-431f-8935-8a8b6f2aaaa5,0cba63d3-310e-429c-bb96-9dd631af212e,wallet,USD,2025-03-06 13:41:00,active
0cb1fadf-6215-459f-9663-ca5e68abc17f,84f033e0-dc58-4988-b892-147033507332,wallet,USD,2024-12-31 04:48:00,active
13f05836-0fae-4941-8049-a619d15983ed,84f033e0-dc58-4988-b892-147033507332,wallet,USD,2024-12-31 10:48:00,active
2b771d29-a553-4874-9761-b7ed8539469a,6b2ce6e1-8276-48f4-bba5-47e4cccd635d,checking,USD,2024-04-30 11:35:00,active
4f3d550a-1633-406d-9265-731cf6d6a706,6b2ce6e1-8276-48f4-bba5-47e4cccd635d,checking,USD,2024-04-28 14:35:00,active
fb72cf27-490b-4c51-a7b4-459f640c84ec,dd00d738-7bae-4cb9-ad7a-5ae9eabc2632,checking,USD,2024-05-08 06:07:00,active
befa7c7e-17ce-46ef-96e5-7cfc4cfb568a,dd00d738-7bae-4cb9-ad7a-5ae9eabc2632,savings,USD,2024-05-06 23:07:00,closed
83a62140-fb66-4534-abc9-6defc47bf7e7,dd00d738-7bae-4cb9-ad7a-5ae9eabc2632,checking,USD,2024-05-09 05:07:00,active
2c565ea5-35f9-42fc-ab4b-5234c611669e,b1074d84-d192-4f01-9029-4736ac0941a6,checking,EUR,2025-03-09 04:38:00,active
049ba290-82e0-4897-bce4-142e0fd764d7,a0a6b6f9-ebd9-4b23-8c0f-d5ca2751d4a1,wallet,USD,2024-08-09 09:39:00,active
5fccd5a4-f615-4541-a9f7-5a454c9759f4,99870bf7-8f6e-4152-b9e8-fb20159b4c63,wallet,USD,2024-07-04 02:33:00,active
1d107d90-6a96-4f9b-9e7e-c919125ba8b8,99870bf7-8f6e-4152-b9e8-fb20159b4c63,wallet,USD,2024-07-13 08:33:00,active
83bcaec1-a3ca-4524-9e36-188b23c01c19,11e28e86-f532-4b8a-a024-cbec346f88fc,wallet,EUR,2024-11-23 21:23:00,active
ff3c16f7-9c14-40bb-aab5-e99b144f4a66,81b8b685-5401-4b0d-9b9b-7ed379e4be39,merchant,USD,2024-12-09 17:06:00,active
3de626a1-ff2d-45ef-9e65-6d26401da68d,fbf08d95-6cd9-4042-8d7c-946711fbf38d,wallet,GBP,2024-12-02 09:53:00,active
29e759a6-f1bd-47ef-8d58-c25a81ea9857,fbf08d95-6cd9-4042-8d7c-946711fbf38d,wallet,EUR,2024-11-28 23:53:00,active
cb78ba44-60bf-49aa-b09e-c0598c1c9eaf,0d77451a-6924-4fd1-9181-ad7a1fa7ff39,checking,USD,2024-03-15 09:45:00,active
bb9bcbd8-cbd9-44a7-a655-8ee02fb0a8c3,0d77451a-6924-4fd1-9181-ad7a1fa7ff39,wallet,USD,2024-03-18 02:45:00,active
efd3ad87-59de-47c3-9699-3a1ee4916ae0,0d77451a-6924-4fd1-9181-ad7a1fa7ff39,checking,USD,2024-03-15 04:45:00,active
738f7665-1c40-4a3d-a3a4-a8e0142185cc,90cbec75-5523-493e-bd68-0a081d9315f7,checking,GBP,2025-04-06 23:20:00,active
c0a2db38-4fa9-440e-aa1d-e891b6dfd6e1,37f9ebf5-5dfa-4b24-b4f7-9e30b39dec60,merchant,USD,2024-05-10 04:48:00,frozen
b05329f9-c82b-41e4-956a-61515f3a90e0,37f9ebf5-5dfa-4b24-b4f7-9e30b39dec60,checking,USD,2024-05-10 01:48:00,active
e1ab2d79-699a-4fc0-bf37-37fa32cc26c7,e5fe6c0a-9956-4bec-9c1b-c4a7f88d8fd5,wallet,EUR,2024-06-24 23:07:00,active
c99d5c4c-775e-4a4d-86a6-8eaf7871b3b0,e618e2c4-b754-4e91-ada9-362edca18847,savings,USD,2024-07-21 19:11:00,active
2f9011c5-317b-4270-8794-68bb17296e9c,e618e2c4-b754-4e91-ada9-362edca18847,checking,USD,2024-07-20 07:11:00,active
6b20e4b2-289b-43fc-ab38-46a71d42a351,e618e2c4-b754-4e91-ada9-362edca18847,checking,USD,2024-07-23 03:11:00,active
f0c74db8-718b-4422-bec6-97e08087af03,f16d50b0-c09d-4074-b9a5-b4ed843e6b43,wallet,USD,2024-02-14 04:27:00,closed
38883b0b-1581-4c6b-8da6-61f2828347a4,f16d50b0-c09d-4074-b9a5-b4ed843e6b43,merchant,USD,2024-02-22 18:27:00,active
0058ed3e-6d15-4957-b820-314f96095eae,72a50166-6da0-4941-871a-1b97dcb118fd,checking,GBP,2024-02-27 03:20:00,active
1d1f0a7e-0601-470c-96da-4e0f16f9a75b,7fc2616d-d52e-4858-a0a0-91341de831e2,wallet,USD,2024-08-16 09:28:00,active
0dec042c-10c4-4dad-8a14-e3deb3bb903e,7fc2616d-d52e-4858-a0a0-91341de831e2,checking,USD,2024-08-16 19:28:00,active
658b72b0-4b5f-477a-81c4-d2ffb3aeb582,4ea0f25a-5fb4-45f7-a287-0913af9029e6,savings,EUR,2025-02-16 00:04:00,active
1f50ee62-8ea8-4f0e-b8ff-c73bdda9d34b,4c5afde5-e75a-434d-906b-d6d4c5edb579,savings,EUR,2024-01-23 02:54:00,active
20d7af3f-8813-4c74-baa3-eb14e4ce01bc,b54c9d48-f9a0-48d1-8ce8-93442a892b43,wallet,USD,2024-07-12 07:24:00,active
1ed6652f-07b7-46ec-bd8e-dd65e406ee50,b54c9d48-f9a0-48d1-8ce8-93442a892b43,checking,USD,2024-07-13 03:24:00,active
e23a60a7-0923-41b3-8a47-fef39099c495,72536a4f-62e5-483b-9007-369ced1e63d3,savings,GBP,2024-07-10 03:28:00,active
d8786d1a-c33f-41f9-9ce4-88f1c8e0e071,72536a4f-62e5-483b-9007-369ced1e63d3,checking,USD,2024-07-16 12:28:00,active
52fd234d-20ee-4b97-a4fd-537ea2ae4e98,235a104f-56e8-4744-96e0-27009426b060,checking,USD,2024-05-23 23:07:00,active
dee372f4-da37-4d0f-983e-99d6eba3649a,d5dcf749-1955-4047-8210-30d3e96132ae,merchant,USD,2024-05-17 23:45:00,active
4eb0bfb1-5438-4a58-9b49-d235af3ba729,ce54d48b-3896-4243-802c-dc2c492eb06c,checking,USD,2024-03-09 22:54:00,active
5e7b1697-acfb-4484-bd32-51e99ed68898,ce54d48b-3896-4243-802c-dc2c492eb06c,checking,USD,2024-03-09 18:54:00,active
75e7f401-e113-4406-a555-bd5c8ff368bb,85f8496d-221c-4df0-bda5-2d812b3fea0c,checking,EUR,2024-12-21 17:42:00,active
283f2202-02b2-4a51-afc3-d8aab40a35b2,26c7e3f7-d14a-4c51-ae95-43bb409464de,checking,USD,2024-03-31 22:45:00,active
326c1c99-9e37-46b4-a1a2-40152682a329,1b314f95-16bb-47e8-9e54-9a9c1ce9c779,checking,USD,2024-03-10 23:50:00,closed
cfc42d4d-22f5-40d3-8ffd-56d35f9785ba,6e6de5a5-bcb0-4c65-935a-719c838e3077,checking,USD,2025-02-19 14:08:00,active
b7ea21d4-1500-4518-b54a-9de179a6f1bc,6e6de5a5-bcb0-4c65-935a-719c838e3077,checking,USD,2025-02-20 21:08:00,active
81b82405-cb52-4a6b-92e4-db9f513b7a58,d50eb2d8-9432-4b1a-b835-3b0291b0e6f7,wallet,GBP,2024-09-09 19:26:00,active
c9ee3b67-6a7e-4a86-a99d-52ac35fde54a,d50eb2d8-9432-4b1a-b835-3b0291b0e6f7,checking,USD,2024-09-05 13:26:00,active
6dce0c6c-c557-45bb-80dd-c8ad0ac94d6e,d50eb2d8-9432-4b1a-b835-3b0291b0e6f7,savings,EUR,2024-09-11 14:26:00,active
535272dd-8e58-4751-89ab-bcfbe634059c,4108669f-edb9-4562-b204-92189d0114b4,checking,SGD,2024-08-22 18:43:00,active
9d887a7b-67ca-4511-a65b-c1e5fbd36849,13e15c27-7f0d-4951-8ae0-f1b71ec5f6fe,wallet,USD,2024-04-08 04:27:00,active
ff99ddb0-a5cd-4065-8d6b-58c6c78243f8,fc508dbb-ec2d-46a0-8e19-76fc4db914cc,savings,USD,2024-03-24 01:59:00,active
b9a2415d-fff9-42c5-9212-c52bcd40d9d9,fc508dbb-ec2d-46a0-8e19-76fc4db914cc,checking,USD,2024-03-26 13:59:00,active
11863643-631b-4eb5-9aad-78e5bd32bfff,02f06a98-0ab3-4c49-83cc-02062a9cf9d2,wallet,USD,2024-02-10 21:12:00,active
31d9d44e-46e9-4b86-837f-dcbeeeb0dd95,f5bb22a8-e3fa-4e7d-ab78-37b8218504a4,checking,EUR,2024-02-19 11:41:00,active
8ab7df74-dcea-4bd1-8379-c293720d85ac,9598c197-3cf5-406e-8163-471c1c6beed7,checking,GBP,2024-11-09 00:53:00,active
097f521c-66c5-474d-93b2-afea1feedda4,9598c197-3cf5-406e-8163-471c1c6beed7,checking,USD,2024-11-07 13:53:00,closed
1623b62a-af09-408c-a83b-a25148c9004e,16a2e6bd-06f7-4f48-b6c5-1317f557ecfa,merchant,GBP,2024-12-04 10:16:00,active
1fb9dd72-4b9b-4489-8dc6-800aa602fab4,16a2e6bd-06f7-4f48-b6c5-1317f557ecfa,checking,GBP,2024-11-26 11:16:00,active
eb260cab-6e77-4efb-b425-ad6c6aead853,16a2e6bd-06f7-4f48-b6c5-1317f557ecfa,checking,USD,2024-11-29 01:16:00,active
8fcaafb1-ea66-45c1-85c1-be87a79f69c9,7b63780f-b31a-4b08-98d3-b97c00354ab1,wallet,GBP,2024-11-26 04:18:00,active
02cbd5a4-709e-4149-a296-bf6155b66c7e,251a6d2e-3ae5-4dbf-9eef-b0befd476bad,wallet,EUR,2024-06-05 09:04:00,active
080e2348-6992-4b08-9d29-d557dcb551d1,d11b8d9b-b009-4e69-8d15-5ebf4d0f8710,checking,USD,2024-11-11 22:20:00,closed
eb348d85-5269-495d-ab00-c1df5670fd64,d11b8d9b-b009-4e69-8d15-5ebf4d0f8710,savings,USD,2024-11-07 08:20:00,active
316ed045-7d4b-4224-b016-6d08a3c93da4,da07ca0c-b721-46bc-a1f8-3b68df13e324,wallet,USD,2024-07-27 15:48:00,active
d009e9b2-1682-49b2-ad0e-ef663e1ed9a0,da07ca0c-b721-46bc-a1f8-3b68df13e324,wallet,USD,2024-07-28 19:48:00,active
af28c655-50a0-4a74-a7c3-45d679448caf,933349d4-7856-4d44-aa19-6fdebf35775a,wallet,USD,2024-08-23 18:09:00,active
17745573-6118-4497-800e-f380e93b5497,6f2a6aed-f145-4149-975a-028f3aea3366,checking,USD,2025-03-29 08:52:00,active
cf3d4201-461f-48b6-81dc-34c8e05d7d73,74b27fdf-029f-4319-a668-a3c6f86d166e,checking,GBP,2024-09-25 17:31:00,active
adda980c-fc45-459a-a58f-adb3f4b4d694,74b27fdf-029f-4319-a668-a3c6f86d166e,checking,USD,2024-09-30 09:31:00,active
6de582bf-dfdd-483e-a778-640b533bd897,971248be-4b69-4a8c-ae05-34924f056e44,savings,USD,2024-08-23 12:13:00,active
700ffa3f-dd11-4805-b6a3-40b1dbf3a827,6db5ad5f-63dd-4cdf-a9b5-2d6e2e1f1c86,wallet,USD,2024-12-07 10:30:00,active
0a460604-c74d-4ac0-b1d0-3cd5fd995f74,bbfe0268-9982-4156-96b5-946341ee69fb,checking,USD,2025-01-12 09:48:00,active
cb8c0b3b-6bd3-428c-928e-6df37859e078,4bc430bd-befb-44c6-89e1-aa1498369d41,checking,USD,2024-10-12 14:04:00,active
243f08cd-cba4-4f3b-b613-11fa66fd9cd3,4bc430bd-befb-44c6-89e1-aa1498369d41,checking,USD,2024-10-20 07:04:00,active
78d6e0cf-599d-4c39-a065-68fa03c2d9ed,7e31f790-e738-419e-8dcb-a9b5729a8e93,wallet,USD,2024-12-23 12:07:00,active
0852d933-d695-4936-95b8-fa079d6d575a,7e31f790-e738-419e-8dcb-a9b5729a8e93,checking,USD,2024-12-18 23:07:00,active
a09aae8b-6ef8-48c0-9761-c33c6e4e6ce7,be754c74-cd85-47ae-b693-40756e93e168,checking,USD,2024-07-09 17:12:00,active
073bbe66-1f83-4a65-b1df-081896004fbe,d9d83229-b990-476a-8de0-3510c2ab687d,savings,USD,2024-06-26 09:33:00,closed
78a8d74c-1b84-4604-b6f8-d6a022e03db2,d9d83229-b990-476a-8de0-3510c2ab687d,merchant,USD,2024-06-27 20:33:00,active
6b1dcbb9-5454-4e2f-ac20-b053b23e8f8d,e849c388-e31b-49f3-b84f-73c44840b017,savings,USD,2024-06-16 05:25:00,active
898e6d94-7825-4528-8838-dfb9e8e0ced8,b1d8dafb-57e3-4f21-bad0-3fb26a528fe0,checking,USD,2025-03-07 23:34:00,active
05284d64-b627-4cdc-bcc4-7c68ff2329fd,6c8b1270-711a-42f2-8806-eeb405d71dd2,merchant,GBP,2024-12-19 16:26:00,active
92518c34-ca5f-4de0-94fd-a7a4a6dca19c,6c8b1270-711a-42f2-8806-eeb405d71dd2,checking,USD,2024-12-15 12:26:00,active
c3042187-8751-4747-ae66-4be71eb0ad9d,750f32fb-ed37-41ed-b582-9a6db14a15c2,wallet,USD,2024-12-10 18:36:00,active
499fc116-919f-403a-842e-a9a27725208e,750f32fb-ed37-41ed-b582-9a6db14a15c2,savings,USD,2024-12-04 02:36:00,active
335a9e1c-acb7-4e9c-ac15-f6ad0967d608,eceb15a8-1061-49a1-b951-8b8dc008a55b,checking,USD,2024-11-22 22:09:00,active
690111b5-0844-4111-b30c-2c7c57802ee5,eceb15a8-1061-49a1-b951-8b8dc008a55b,checking,USD,2024-11-15 04:09:00,active
2b86c4cd-48db-4436-a7f2-bcaf33c97e5c,eceb15a8-1061-49a1-b951-8b8dc008a55b,wallet,USD,2024-11-20 20:09:00,active
cb0a8cdb-e64a-4f80-968c-daeffbf33aea,c01e9824-c2e5-4c22-b83d-c84b0868fdc2,checking,USD,2024-04-11 15:28:00,active
f6ed6ce6-7de5-4562-b203-a559120c3b92,6153af3a-0941-4a04-a499-4eb134bd5183,checking,USD,2024-11-16 00:55:00,active
5e4a951a-af06-425f-9880-4df4d31346ee,6153af3a-0941-4a04-a499-4eb134bd5183,merchant,USD,2024-11-13 11:55:00,active
e1706a44-35bd-4174-9453-a14515e42e28,f0bb8504-fbc0-49ca-acfd-5f61d862ff6d,merchant,USD,2024-10-18 22:42:00,closed
64dac22e-f168-4eb0-8b34-7eda779b20bd,f0bb8504-fbc0-49ca-acfd-5f61d862ff6d,checking,USD,2024-10-20 10:42:00,active
f916bcd5-b2f1-4c45-9d4a-b04645083655,5a7febca-5ac2-4efd-889f-576882c393ff,checking,SGD,2024-07-01 20:22:00,active
9d49c4eb-6de8-45dc-b1ba-2595faa3c503,d0166fb2-d502-4e57-b111-8421e1aec05f,checking,USD,2024-04-08 23:17:00,active
13086d3c-a3ac-4319-a393-0a3f5969df63,a99e7eae-bedc-4419-85a3-92dcf58dd64e,checking,USD,2025-01-05 07:44:00,closed
ad09a62b-dbae-4ca6-9e64-df8b4a95f6a2,a99e7eae-bedc-4419-85a3-92dcf58dd64e,checking,USD,2025-01-02 14:44:00,active
1d3b7968-c796-498a-9ad1-cd61427f6f90,064071e2-3197-4675-b623-301643f1966e,checking,USD,2025-01-08 03:18:00,active
e4ecc791-de16-44ca-875f-80d282916074,e950302a-e8fe-494d-ad43-5b1c06a526b8,checking,USD,2024-07-01 05:18:00,active
34d89914-f615-4c6b-9639-4fc39e4f4013,1b694f21-1b93-4cb4-b364-7a66e2f2e54d,checking,GBP,2024-09-04 18:12:00,active
eaf2ff02-a088-4bd1-920e-af35f26e7f48,1b694f21-1b93-4cb4-b364-7a66e2f2e54d,checking,USD,2024-09-10 03:12:00,active
1c3d8e59-2a8a-4170-b1af-1af907d8d9f3,e63b543c-43ad-4a00-a701-43abe72af86b,wallet,USD,2024-02-28 06:47:00,active
7df1c07e-9918-4db5-b2d4-30fb0152ad7c,6cde215e-4637-44b4-9d28-983565518c6d,checking,USD,2024-04-30 21:06:00,active
05e348ee-bf23-4963-8b99-4e4334870699,6cde215e-4637-44b4-9d28-983565518c6d,savings,USD,2024-05-02 00:06:00,active
36600066-31dc-4fac-9dd7-646f99124c40,9c3483af-8310-42be-8eb4-37748bdf1d22,savings,USD,2024-10-14 16:26:00,active
eb3f41bc-fc36-4b7d-8031-af81762c92c7,9c3483af-8310-42be-8eb4-37748bdf1d22,checking,USD,2024-10-18 08:26:00,active
59302fa2-b1bf-4048-9f25-258b8d8a6263,9c3483af-8310-42be-8eb4-37748bdf1d22,wallet,USD,2024-10-11 17:26:00,active
dab23fda-e9c9-4eef-9463-430cd6e13a39,0afd8a56-a1c2-4a55-a175-4ec4f14129c8,savings,USD,2024-06-15 14:41:00,active
ae696912-35b2-456a-9690-0c7dba28fd57,0afd8a56-a1c2-4a55-a175-4ec4f14129c8,wallet,USD,2024-06-23 10:41:00,active
06495953-3e21-4990-a16d-fcc4b265199d,c4f9fce0-8764-479e-8050-49e90af6aea5,checking,USD,2025-03-11 20:58:00,active
214109e1-7ccb-49c7-922f-49a35d4bf3e7,c4f9fce0-8764-479e-8050-49e90af6aea5,savings,USD,2025-03-18 01:58:00,active
303af3c8-5a5d-410d-95c2-6871d49626d5,472835c0-e2e6-4229-86d0-191c46df1f30,checking,USD,2024-01-29 10:50:00,active
389b8feb-acfb-4053-b88e-8fff1c7a6058,472835c0-e2e6-4229-86d0-191c46df1f30,wallet,SGD,2024-01-25 17:50:00,active
ebe272bd-5a39-45b6-8309-817fd61dcb9b,102368f8-8f2a-4ffd-aa32-467bc7abfdb1,savings,USD,2024-03-04 01:18:00,active
e4ef5951-16f8-4c95-8842-64019612d9f2,22ea245d-fc62-44c1-b815-fe863cafd3ec,checking,USD,2025-03-16 22:29:00,active
f506c590-d73f-4e82-9fcf-9d5b8ec31323,b65d5ba6-6cba-4e55-b2dc-40b93a73e428,wallet,USD,2025-01-06 04:00:00,active
2594f8a0-bf9b-425f-a80e-9f6e783911d4,b65d5ba6-6cba-4e55-b2dc-40b93a73e428,savings,USD,2025-01-02 15:00:00,active
a9551154-4525-46bb-8a74-924e0d161c0f,81102005-5220-4af1-8b97-a7ea62b2cee8,checking,USD,2025-03-20 02:57:00,active
89754759-40ff-42ce-81cd-a0e4576ef2d1,81102005-5220-4af1-8b97-a7ea62b2cee8,checking,USD,2025-03-17 18:57:00,active
54491d59-b06f-40af-8171-032bfd0c6679,7945ae04-101a-47a0-aa6c-60df08ee7d66,wallet,USD,2024-04-06 05:30:00,active
b7c481a4-7afb-43b4-8a89-b4cb98b9a5b8,a68a2a31-1f9f-4389-a1f4-0e6bb04f7c30,checking,USD,2024-05-22 10:19:00,active
0ad191cf-c9d9-4717-b149-a4224945f923,a738e68c-eafc-400f-909e-02e0934f2106,wallet,USD,2024-02-05 02:07:00,active
efd2fb22-c046-42f8-93a2-5b46527fb6f6,c74109df-d91c-41b3-9af1-091f604273f0,checking,USD,2025-01-02 21:44:00,active
54112664-b362-496d-96ba-389ab2178b8f,7df32a67-bb48-4036-ae32-da5156ece352,checking,USD,2024-09-07 01:29:00,active
4ea9c51c-a118-4997-ba71-7ea444bd2767,8821235b-7518-450f-9fea-0ce97609e96a,savings,USD,2025-01-26 07:51:00,active
7e42eb40-ddf5-4709-9494-457b2882ac68,8821235b-7518-450f-9fea-0ce97609e96a,wallet,USD,2025-01-27 01:51:00,active
d954621a-ef5d-4d0d-b3a0-31d0eb5a5e38,d533b91d-53e8-4699-a246-926365ff29ea,checking,USD,2025-02-08 09:33:00,active
b763bbcc-4c2c-4279-8dff-e5f3c665975e,d533b91d-53e8-4699-a246-926365ff29ea,checking,USD,2025-02-16 04:33:00,active
c1dca021-4749-447a-9a32-0d1d45e77595,d533b91d-53e8-4699-a246-926365ff29ea,wallet,USD,2025-02-16 19:33:00,active
6e70b0ef-9718-4df6-ad1e-147c74235e29,0c65dcf4-b012-41a6-9947-a97e4add161c,wallet,USD,2024-10-08 11:12:00,active
3cd36a75-2755-4d96-951e-c4bf2d48b502,0c65dcf4-b012-41a6-9947-a97e4add161c,checking,USD,2024-10-13 23:12:00,active
efa9c37b-83c4-4e72-b29d-eb0470fc9937,25ab67f4-d78b-46a6-a943-128fa5b4fd46,merchant,USD,2024-12-19 03:45:00,active
e799263b-e555-408b-adc0-6133c2a8b642,25ab67f4-d78b-46a6-a943-128fa5b4fd46,checking,USD,2024-12-16 10:45:00,active
d3217aa4-e3ec-46d4-9c04-3af993f1282b,c887489d-16fd-401c-a638-420a859f102e,checking,USD,2024-03-11 08:26:00,active
f585ce80-7a3e-4345-ba9c-2d472c94cd40,c887489d-16fd-401c-a638-420a859f102e,savings,USD,2024-03-12 22:26:00,active
872d03a3-8d06-4d5d-803a-0e225f5f9647,e5a2b0d8-6587-4e14-b896-52fcfd50e162,checking,EUR,2024-01-18 03:16:00,closed
d93db800-c7c0-441c-93e1-a77ddff9c8fd,e5a2b0d8-6587-4e14-b896-52fcfd50e162,checking,USD,2024-01-22 16:16:00,active
ed868f86-ada0-42a8-bbe0-e1732c3a7491,e5a2b0d8-6587-4e14-b896-52fcfd50e162,checking,GBP,2024-01-19 05:16:00,active
8277020d-5a0e-4eaf-99a0-97c7ba409def,c8435a14-2f0e-4365-9cb6-202c30ceddd6,checking,GBP,2024-07-04 11:04:00,active
91ed128c-d924-4228-9588-7f1728841a36,c8435a14-2f0e-4365-9cb6-202c30ceddd6,checking,USD,2024-07-05 16:04:00,active
d6ba3ad2-97b1-439f-9cff-7b4e965a1d69,ed50b572-e40e-42b7-8cee-6be3ad897719,wallet,USD,2024-01-17 21:26:00,active
4ace32b3-f936-4580-8841-f250b5feec0f,ed50b572-e40e-42b7-8cee-6be3ad897719,wallet,USD,2024-01-24 12:26:00,active
7a9994ea-8fcf-4798-9259-e1c5b4604369,ed50b572-e40e-42b7-8cee-6be3ad897719,wallet,USD,2024-01-17 20:26:00,active
91f192c3-0f38-4ecf-8148-c420dd63ab41,3ad410e9-330a-4075-84a8-8311b681dede,savings,USD,2024-08-11 15:57:00,active
9720d752-15af-453b-b226-723481a185b0,3ad410e9-330a-4075-84a8-8311b681dede,checking,USD,2024-08-05 06:57:00,active
ea636e37-395b-431e-a452-b7a368b71f1e,d4f23b57-0cf1-4e88-bd56-1e937743f514,checking,USD,2024-10-03 21:41:00,active
d3aa1274-8aa1-4d09-a13f-5f7fde3d39c5,20f83c87-f714-4355-93e5-108ae92dd58a,merchant,USD,2024-03-16 15:14:00,active
06a51277-89e0-4111-9798-b72af6a514d3,20f83c87-f714-4355-93e5-108ae92dd58a,checking,USD,2024-03-15 09:14:00,active
b3cd4984-2dd2-41bd-bbab-b4cfe817d1a1,e82c59aa-9e14-415a-a671-8a5fccb336d4,checking,EUR,2025-01-12 01:27:00,active
42adbd54-99cb-4efb-aa79-0bf0e62c2f13,e82c59aa-9e14-415a-a671-8a5fccb336d4,savings,USD,2025-01-06 15:27:00,active
8b369836-522a-41c7-9512-d2bc766d4489,c46b4c15-e42b-4237-a337-f43cf90f4e4e,merchant,SGD,2025-04-02 20:48:00,active
733bce60-195c-4dd5-abcb-ebb81d0362bf,9a0ecf8f-f8dc-4e65-838a-9a9bddd82e1f,wallet,USD,2024-01-13 01:13:00,active
f4b88e91-dc52-4806-bd18-9c50b0846199,9a0ecf8f-f8dc-4e65-838a-9a9bddd82e1f,wallet,USD,2024-01-14 20:13:00,active
d5036171-43f3-4d6d-b5bf-fe2ebdf67d6e,ea742e4e-502f-450c-9577-99359c61020e,wallet,USD,2024-01-27 19:47:00,active
bb4306b2-f324-4b77-b617-e3fb7c3882b7,d0ef350b-f353-4ef6-af63-6983a77bad0a,wallet,EUR,2024-01-31 16:32:00,active
ffe06787-83b5-49a9-bb7b-96aa0a971316,2aaf037b-4228-4e11-93f4-c553786e5461,wallet,USD,2024-10-30 19:49:00,active
c44905df-bcc4-4eb4-a207-3dd5cbccc857,6f2540c9-3a54-4120-a39d-216e4c494f5a,wallet,USD,2024-09-29 18:26:00,active
efd5334d-f75b-41e4-8488-ff2214fbbdfc,0c289321-2c89-410f-ba97-82385a99ae1f,checking,EUR,2024-04-01 00:43:00,closed
376accb9-c5e1-4e74-8ebe-2c90923effc6,0c289321-2c89-410f-ba97-82385a99ae1f,checking,USD,2024-04-05 04:43:00,active
d0bc5406-8ea4-4cdb-be25-b34f7c883d42,d60dc366-07f3-4a89-8a76-94492e6e4e0e,wallet,EUR,2024-07-23 17:20:00,closed
497d6fca-88d4-4a3d-9f84-8b96c94d4b87,8a61b9c0-06d8-49c6-86cd-e4bee283df42,savings,USD,2024-08-31 12:54:00,active
2776c85a-404a-44fa-9b31-69aa211f5bd9,8d646cb3-c40c-4939-86de-b31fa5144088,wallet,USD,2024-08-09 19:33:00,active
6cd04f05-d7b1-4fc6-988b-3f8c19ba926b,8d646cb3-c40c-4939-86de-b31fa5144088,checking,USD,2024-08-05 01:33:00,active
7cdeab0d-6e67-4941-85f8-5f93efcdb403,8d646cb3-c40c-4939-86de-b31fa5144088,wallet,USD,2024-08-03 11:33:00,active
2bc9b071-ff7b-4585-81bb-6bf75beab2e5,b2b5f59e-0034-40f5-9b35-827aef77c276,merchant,USD,2024-08-27 23:05:00,active
1c50ff6d-543c-48ee-9e6c-00101de3b498,c430658d-40da-40f2-94ed-206f133751da,wallet,GBP,2024-01-31 10:12:00,active
dbde433c-37b8-44c8-88d3-7cb214edb3fe,c430658d-40da-40f2-94ed-206f133751da,wallet,USD,2024-01-24 16:12:00,active
a0b7adde-2875-443e-be55-6b17aa4ae1da,7362e4cc-ccad-45a8-9d56-95e9455b8901,checking,USD,2024-04-26 13:19:00,active
b5b61f6b-46da-46ef-a807-eac263f416ec,7362e4cc-ccad-45a8-9d56-95e9455b8901,merchant,USD,2024-04-24 21:19:00,active
288d49c6-669e-4700-bc75-dc031179afa5,57e90141-90ea-43f0-980a-643b839cb204,merchant,USD,2024-03-07 17:48:00,active
23c16d91-288f-4abc-95fd-7029d0d827a9,481fb684-c29e-4309-bae2-fe0e964ae93b,checking,USD,2024-05-07 03:20:00,frozen
24818ba7-2aea-4a7b-82f6-a9f38d220f0c,481fb684-c29e-4309-bae2-fe0e964ae93b,wallet,USD,2024-05-03 09:20:00,frozen
aafde39e-48a9-434c-b6a6-2d9c301d8ee4,93d0bef2-9cef-4ef5-b324-ce10cafaeecb,wallet,USD,2024-07-11 02:56:00,active
de7e1b24-38f8-4752-9671-da192007530e,dff01f36-91a9-4640-bf4e-ca0a7079ef1d,wallet,USD,2024-06-15 07:23:00,active
43c2f05b-f4bb-4d21-9e9d-070ff2dbf40e,99f6dcc7-3d98-43c5-a021-693ad866b4ce,wallet,USD,2024-05-15 06:59:00,active
c4900f33-6658-4889-a580-b95fa3a2db4c,99f6dcc7-3d98-43c5-a021-693ad866b4ce,wallet,GBP,2024-05-18 06:59:00,active
dcc334ef-8ff4-4444-b194-2492ec934d6e,7564a2ae-b345-487c-9268-6a7ece46b325,checking,GBP,2024-10-27 23:31:00,active
c24d564f-a7be-439d-966a-e9f56621f984,7564a2ae-b345-487c-9268-6a7ece46b325,savings,USD,2024-10-21 20:31:00,active
25a232d1-d247-49c0-9b54-7b80c2f0ae91,7564a2ae-b345-487c-9268-6a7ece46b325,wallet,GBP,2024-10-24 21:31:00,active
58dddda8-749e-4aea-bf16-50be7e45f8d1,16c12c36-3129-41fc-b5ca-5d82c3d0f7e5,savings,USD,2025-01-07 02:47:00,active
41109054-c5eb-4fc5-b6cc-e443a4ea632c,260a7deb-b7dc-4cdc-bc73-556c7be6fd9a,savings,EUR,2024-10-09 19:11:00,active
53984182-b32d-4051-a3bf-72ae51ae58b2,260a7deb-b7dc-4cdc-bc73-556c7be6fd9a,merchant,USD,2024-10-10 05:11:00,active
a16cb2b0-4f19-41b3-a0d4-f08413e89976,3717e67b-e61b-499b-8688-82a73e93139c,wallet,USD,2024-01-26 16:52:00,active
f2d0842a-7d70-455c-a366-f921d8aee8ad,e269c20a-1215-4bd5-92f9-6cd9c5d50411,wallet,USD,2024-12-30 07:00:00,active
74a60598-be76-4ac7-9416-7f2e9f341ebb,e269c20a-1215-4bd5-92f9-6cd9c5d50411,checking,USD,2025-01-02 16:00:00,active
b3c796a3-ad8b-4b0a-90dd-5457ef163a0a,d2f36326-7de8-4ce4-902c-a9af43e93c1b,wallet,EUR,2024-11-13 22:42:00,active
3e94c06c-84cd-43b6-8318-fb07517a9766,d2f36326-7de8-4ce4-902c-a9af43e93c1b,wallet,EUR,2024-11-14 00:42:00,active
405df53b-d462-4f4b-9703-da01ef820ea8,d2f36326-7de8-4ce4-902c-a9af43e93c1b,merchant,USD,2024-11-18 15:42:00,frozen
9cc0f8ba-32d3-4e84-98a2-a67859a75925,ca626e87-c05a-4edb-82f4-e4898f722b58,wallet,USD,2025-01-05 13:34:00,active
2d71926a-fa00-4057-91fa-61ae94613b7d,4d0a01bc-fcf3-45ad-8e91-2675e8fa34ea,checking,USD,2025-02-21 15:06:00,active
982cefce-8413-4faf-aec6-bacac4d14890,03fe5249-9a65-48fe-b851-5d98831e88fa,checking,USD,2024-05-09 20:17:00,active
3db92a72-dd43-47f8-9cdf-586fa389e8c6,03fe5249-9a65-48fe-b851-5d98831e88fa,savings,USD,2024-05-12 01:17:00,active
e9eb63a9-0b34-4434-94bc-21b2b61b8180,a991dcfa-37ab-4351-8e76-012d730e2c5d,wallet,SGD,2024-05-13 08:14:00,active
ada09732-93c0-4063-afc2-ea5f5618b646,8ea80f1b-7611-486a-a087-82439116de4f,savings,USD,2024-02-21 10:24:00,active
2e6f11d1-9bc3-408f-9aa8-1d1769030c3d,c16e4588-b039-4d5a-b8bb-d517ccf0ed4d,merchant,EUR,2024-09-22 21:41:00,active
b4c6c6eb-7f18-417b-83ff-2fa266b740aa,c16e4588-b039-4d5a-b8bb-d517ccf0ed4d,checking,USD,2024-09-16 16:41:00,active
909d3b88-fda2-408c-8171-abafc0234c6e,c16e4588-b039-4d5a-b8bb-d517ccf0ed4d,savings,USD,2024-09-22 03:41:00,active
a74aa24c-2a89-4cf2-9d1e-bc0cc0442fab,67e2e57f-c0b7-4ef6-b903-676605da86b9,savings,USD,2024-10-03 19:14:00,active
407bbb3f-4894-4a66-bb6d-4a5d8f7d30e4,67e2e57f-c0b7-4ef6-b903-676605da86b9,wallet,GBP,2024-10-05 09:14:00,active
3d7e3c4e-3b16-4ce9-b4b4-f77213e1d8d0,f9972e86-9afa-4b97-b6e9-4767928bcf60,wallet,USD,2024-02-14 06:59:00,active
ceece236-2450-4109-a9d9-826aa8a53e16,0729d6d0-80ee-46d1-b799-1b3b31dc4172,checking,USD,2024-06-19 00:13:00,active
54f2eb82-2e0c-4fc8-8fb1-c3526577d657,0729d6d0-80ee-46d1-b799-1b3b31dc4172,wallet,EUR,2024-06-18 22:13:00,active
d756deff-6338-4eaf-b4d9-2ef03947ff3c,9de70b9d-77e6-4ad8-a452-791af6a893a5,checking,USD,2024-10-25 17:43:00,active
23cd5aac-f679-4ecb-8abd-7386b3c4bcf8,9de70b9d-77e6-4ad8-a452-791af6a893a5,checking,USD,2024-10-27 18:43:00,closed
7f961eda-143b-4ef0-ba32-f776c823d872,3f546c25-a6ef-496a-bc6d-a4f2bd248248,wallet,USD,2024-12-20 08:05:00,active
6c8d38f1-dde2-4a15-9142-b839026a5f8f,ad2020b4-a944-4559-8b40-b3c82bab67c7,checking,USD,2024-06-29 16:49:00,active
e0b41376-966e-4a65-a1be-bb1e2d849b08,c9c9a1d7-8c33-4374-b0ea-67acb6b528ab,wallet,USD,2024-05-25 05:31:00,active
115f76cb-d0cf-4dc1-9733-e013d269e7aa,c9c9a1d7-8c33-4374-b0ea-67acb6b528ab,checking,USD,2024-05-25 18:31:00,closed
b951fb1d-a9d3-4b45-a383-e83cfac3f237,55df9404-54aa-4a4e-b434-5bb7823d4e87,savings,GBP,2024-12-09 23:05:00,active
f90e5a23-198b-40d1-be76-bada98bba82b,52d67a8c-7a19-4f1f-897f-bb258e3ccd59,checking,USD,2024-03-26 20:45:00,active
ee33c8f1-a06a-432e-b9f5-6e81054d0efc,6b651dc3-d449-4ec0-bd26-9b5e8d7d2c84,merchant,USD,2024-02-26 05:19:00,frozen
d1166db3-1f9c-4eb0-ba63-31b8a4a97057,2c3bea8a-fb66-45af-9a99-b912a4c61336,savings,USD,2024-10-15 18:32:00,active
3a2fd54e-488e-40f0-b547-5f5c34b70842,2c3bea8a-fb66-45af-9a99-b912a4c61336,merchant,USD,2024-10-20 03:32:00,active
7aebee1d-00bd-49c1-8663-d6102f5fc1f1,2c3bea8a-fb66-45af-9a99-b912a4c61336,wallet,USD,2024-10-14 00:32:00,active
57f7619a-7d2e-420f-822b-00ea269e70a0,6ddf9c3b-2b3f-4b7c-86f6-5e7e34b5499c,checking,USD,2025-02-15 14:55:00,active
635aebb1-e32a-40c1-affc-b6dbffbe9060,706643d0-e8f7-4a21-8303-55d251ef1120,checking,USD,2024-10-21 11:36:00,active
61e18b53-59ef-4dcd-bd34-fc7e203bcddd,706643d0-e8f7-4a21-8303-55d251ef1120,wallet,EUR,2024-10-22 18:36:00,active
4a5db5b0-ce2b-4ad4-b992-578d0bd850c1,5831f497-b51b-4221-8cbb-e95e0cdfbd17,checking,USD,2024-09-10 16:04:00,active
29e905d2-cc0c-4605-b61b-09596c9728bb,6d02ec5c-448d-41e3-828a-737efa7d9f13,merchant,USD,2024-05-09 20:46:00,active
bf73a14d-7e8c-46e2-9201-e0e1e7a779cc,6d02ec5c-448d-41e3-828a-737efa7d9f13,checking,USD,2024-05-12 16:46:00,active
4864aa19-45bf-4d8c-8df9-4161a73b9b9e,fc1b4c43-39c8-486a-955f-5046ec400d11,checking,USD,2024-01-13 20:21:00,active
939cada8-1ca8-4308-b6b0-24f5045e3583,b09fcc8f-518c-4799-8254-d37eb05d54d2,savings,EUR,2024-08-19 03:38:00,active
815e0e05-1b4a-41e7-a461-3e810fb5ef34,a825f2ce-4ad9-4f30-a772-d9f02b56bedf,wallet,USD,2024-04-05 01:20:00,active
ac7a54bf-f95a-4ee7-861a-f29ede57674e,d5c309ea-ff05-475a-894a-9889631cda5f,checking,EUR,2024-06-18 23:17:00,active
bbb51f80-c25a-487a-a998-9b39e3845f1c,d5c309ea-ff05-475a-894a-9889631cda5f,wallet,USD,2024-06-22 05:17:00,active
4945b7f0-e190-44c1-8f16-4de7012e7fd7,d5c309ea-ff05-475a-894a-9889631cda5f,wallet,EUR,2024-06-24 15:17:00,active
fc329952-abdf-4955-a674-c5e412a94e15,c02ddefc-c3eb-476d-99fb-f5562eeba261,checking,SGD,2024-11-01 08:11:00,active
81285d9e-0215-4c3a-a719-dfddefe936b1,c02ddefc-c3eb-476d-99fb-f5562eeba261,savings,USD,2024-11-06 18:11:00,active
bba003a8-4261-4c77-a9bc-f0bfe337573d,afd3ac4f-a495-4321-873b-9852319a9dfe,wallet,USD,2024-04-26 13:51:00,active
be99ee03-0dff-4046-941b-8ad4576187ac,82a75a4d-0d5e-431b-b3bd-bbe0acdf297f,checking,USD,2024-12-19 14:08:00,active
314c6ec5-677c-45cd-8fec-9b76a0b4ba64,82a75a4d-0d5e-431b-b3bd-bbe0acdf297f,wallet,GBP,2024-12-19 05:08:00,active
b4bd497d-76e1-4fe1-bfaa-46031ae4a09d,dc754611-e1cd-4152-a55e-6a7cdf31102a,checking,SGD,2024-07-19 10:28:00,frozen
08af3424-86c3-4ba6-98de-c4282f24f46f,cc821364-7c60-4bde-a17a-48d984b522f3,checking,USD,2025-03-26 18:26:00,active
b697b301-f807-4a9b-a823-63667697fc1e,e3e6443e-0cfa-4d3f-a0c1-fb36d732fb8d,savings,USD,2024-02-19 02:49:00,active
20e6d35a-89ff-4439-9c43-8661e13e927f,e3e6443e-0cfa-4d3f-a0c1-fb36d732fb8d,checking,GBP,2024-02-20 22:49:00,active
86da22e4-da72-4fdb-9ba6-91bdef68be36,e3e6443e-0cfa-4d3f-a0c1-fb36d732fb8d,checking,USD,2024-02-21 11:49:00,active
e36ea916-af48-4fca-84c5-f87fcd5a3f66,c15e3dac-194d-4d8f-9279-6022486ab414,checking,GBP,2024-11-30 10:41:00,active
3debfddd-de0d-4b7c-80ed-c8b4cb974312,c15e3dac-194d-4d8f-9279-6022486ab414,checking,USD,2024-12-04 15:41:00,active
65395cbb-e69e-4402-b45d-71f5177fe101,c15e3dac-194d-4d8f-9279-6022486ab414,savings,USD,2024-12-05 18:41:00,active
066c188b-f728-4ee3-897d-50dddc110610,c1986d43-c7c9-4eeb-b9b4-a96d2e0d3c41,checking,USD,2024-05-18 18:32:00,active
2b092c6b-bbd1-4423-835e-4f96d314ca3f,c1986d43-c7c9-4eeb-b9b4-a96d2e0d3c41,savings,EUR,2024-05-16 15:32:00,closed
94598992-c1ce-4532-9a40-d0f619a10718,75c915f0-76b4-4882-b7b8-a723595e25d2,savings,GBP,2024-07-20 22:49:00,active
6ceaf600-7fa6-4e5d-b771-a51a47281138,fb199649-8603-43fe-8b7f-8221b1d47b4e,merchant,USD,2024-02-29 04:26:00,active
9e8000b1-df83-4cb3-b5f2-f25ebde2a970,dfad4945-4d66-48f9-9183-378ed8adaf2d,merchant,USD,2024-07-02 00:21:00,active
6bcedd7b-6464-4f7d-8ad8-254d34f3d3d3,dfad4945-4d66-48f9-9183-378ed8adaf2d,checking,USD,2024-06-30 22:21:00,active
b65d298b-68cb-47f5-b73f-edc1ef5be08d,e2e7653c-7632-450f-8930-1836840e2c8a,wallet,USD,2025-01-12 15:28:00,closed
8d49a5fa-e011-41ad-bb58-3f8137d52163,e2e7653c-7632-450f-8930-1836840e2c8a,wallet,USD,2025-01-10 04:28:00,active
9944b03a-2b56-4394-8617-5bf5f18cf7a3,e2e7653c-7632-450f-8930-1836840e2c8a,wallet,USD,2025-01-12 05:28:00,active
0819ef18-3491-4dc3-99f6-d357f8c2c004,c2eb3a84-b681-44d7-8082-4672b6bd3db7,checking,USD,2024-07-02 00:06:00,active
89c55e03-d7fa-4ef8-85fa-d1d4b94ded32,b5f744e0-ddb5-48d3-8470-c2ae41986f1b,checking,USD,2024-10-15 15:21:00,active
595f2dcd-f7f1-4861-a99f-1fdaec4a4aac,dc1821d5-6cbc-4cd1-a234-62ce5bd56856,checking,USD,2024-11-28 07:27:00,active
41aa6f7a-6f8c-4158-ae55-473c030767ce,dc1821d5-6cbc-4cd1-a234-62ce5bd56856,wallet,USD,2024-11-30 07:27:00,active
4bd3106d-cd57-4329-ae5c-d81a3932a8d2,5843be15-d1ea-48c6-bb1b-3f8785c88796,wallet,EUR,2024-01-09 23:13:00,active
535e6995-c743-4993-a20a-b161d2b96d08,92d36c84-e800-42b4-a8b9-0e8e3ee956e9,checking,USD,2024-07-12 11:12:00,active
7b4c57da-357b-4e2a-beb7-6f30d92485a8,92d36c84-e800-42b4-a8b9-0e8e3ee956e9,wallet,USD,2024-07-15 16:12:00,active
6edac820-0cca-41a6-96a6-85cc6d99b953,e24aa9f0-d790-45e6-b37c-019ff86ac06b,savings,USD,2024-06-18 03:24:00,active
67ba147d-8919-4904-b26c-279d2e669532,e24aa9f0-d790-45e6-b37c-019ff86ac06b,wallet,USD,2024-06-19 07:24:00,active
71252ef5-d7e8-4932-ac9e-80bd91a2df7e,01cedb89-c771-4067-8eb2-ef57d23ec4d9,wallet,EUR,2024-03-31 12:45:00,active
143d38bc-e6a5-4b8e-939d-2f743c0ea3e6,bddd8216-8233-4112-918a-9d546f1c5e44,wallet,USD,2024-06-12 04:15:00,active
f3d88868-656d-477e-9621-4d6abd1ea703,bddd8216-8233-4112-918a-9d546f1c5e44,checking,SGD,2024-06-14 20:15:00,active
87b06545-3021-444f-8a4a-d440d2b70326,8e36ab59-076f-455b-8f41-ec7130d2d718,checking,SGD,2024-11-08 12:36:00,active
9e23ae40-ba69-4d0e-a222-0e1e5dd1a0b0,8e36ab59-076f-455b-8f41-ec7130d2d718,checking,GBP,2024-11-07 00:36:00,frozen
8c2d00ad-816a-4aa3-8cd4-309b47699e09,8e36ab59-076f-455b-8f41-ec7130d2d718,checking,USD,2024-11-02 23:36:00,active
4ba9ebe1-902c-4201-9aa0-a6fbea03c851,6191b821-1918-4192-bb5e-da4b5bc8997e,wallet,SGD,2024-04-02 19:10:00,active
1c31dde7-7e56-4230-a835-42aa71d942d9,6191b821-1918-4192-bb5e-da4b5bc8997e,wallet,USD,2024-04-06 02:10:00,active
e2f16f93-48f6-46b4-aacf-db52f4d8f664,abc22338-6af5-43e7-873b-c596a96d3d42,checking,USD,2025-03-28 16:00:00,active
f0868548-35c7-4f9e-8b95-4d8b382b9853,a7fd22bb-f2b9-42f3-a7bd-da03387b28fa,wallet,USD,2024-09-13 20:43:00,active
e41723b8-7d4e-4a6e-878c-bf56ba1eeeb9,fa353ad0-434f-4bad-b3a3-d7ee4414d691,checking,USD,2025-01-28 16:18:00,active
255256cf-5df4-48ae-94b7-08f0aa7663f1,fa353ad0-434f-4bad-b3a3-d7ee4414d691,checking,USD,2025-01-27 08:18:00,active
fd0dc7d0-fa9b-4276-b878-957b1c7c33fb,5e649d66-1b67-48ac-8eea-edec6c91bf68,checking,USD,2025-01-22 16:35:00,active
f61c12fa-4709-423f-99da-6dd36c6cf4b1,5e649d66-1b67-48ac-8eea-edec6c91bf68,merchant,USD,2025-01-18 00:35:00,active
7049ead0-0226-4146-9de3-4bd9b74ba2f7,5e649d66-1b67-48ac-8eea-edec6c91bf68,wallet,USD,2025-01-21 09:35:00,active
0570293d-896b-4f2a-abf4-35b6d25610ab,a135b36f-701d-43a2-8f6e-d4a4ad3eed51,checking,SGD,2024-07-11 16:52:00,active
09a319ac-aec4-4bee-80f0-33f3d3b684e0,77002b06-9aec-4c0f-a669-b77bf77c27da,checking,USD,2025-03-06 20:48:00,active
26e83963-9173-4841-82e0-6fbf17da328f,77002b06-9aec-4c0f-a669-b77bf77c27da,wallet,USD,2025-03-07 23:48:00,active
9f1474c0-ba31-4ed6-b470-34362332a921,77002b06-9aec-4c0f-a669-b77bf77c27da,merchant,EUR,2025-03-02 17:48:00,active
84a6bbb5-b30a-43a9-905e-d5227c7af226,c9a54f42-3eeb-42d7-bd03-35216cae22e3,checking,USD,2024-08-14 19:49:00,active
7d22100c-d762-42a0-99f7-674cf872bd77,b32a2d81-aec5-47a6-94aa-137ab40c548c,merchant,USD,2025-03-25 00:39:00,active
389af27a-c53a-4a68-b0a4-1632492c4480,79f36453-74d6-4eb8-9ff7-6e8040800596,savings,USD,2025-02-20 02:36:00,active
586da356-ddb3-452e-b1db-7e909b675618,79f36453-74d6-4eb8-9ff7-6e8040800596,savings,USD,2025-02-22 20:36:00,active
e9a744d1-03a1-4595-9862-fa0c9e3caaea,cec0ec5a-a2f8-4f00-953e-cc1deeb2203e,checking,USD,2024-05-31 15:36:00,active
2eb33769-fddc-4bc0-896c-0b9243296f85,dc48f268-0b3f-46e9-a1f6-e6946e202280,merchant,USD,2025-01-26 05:58:00,active
b0cefe1c-5bc3-48f1-8230-8c9412363792,dc48f268-0b3f-46e9-a1f6-e6946e202280,checking,USD,2025-01-22 15:58:00,active
b304816f-670b-4d30-9f20-fd7fe5af3ede,a07b3a73-ec15-4871-9703-4da97df6c18c,checking,USD,2024-05-11 12:45:00,active
1d5c4921-1a02-4890-8b1e-3a7a9c9223ac,1672d4d0-1336-474b-9861-4e3d69d28e2f,merchant,USD,2024-10-27 02:17:00,active
1eee1c76-1263-42d9-90fc-702aed42c710,cd46d2ae-34ea-4eef-a556-e9251ebfcd37,wallet,USD,2024-02-19 18:32:00,active
da0937ec-be13-44b5-86ff-906167dbab8c,96982261-5a17-4401-acf9-0df71a60694a,wallet,USD,2024-06-21 15:00:00,active
a239c5ab-154b-48af-84b3-f775ea00d0b7,28c51e9d-0014-4150-952d-f3afe0b8476a,merchant,USD,2024-11-28 23:44:00,active
a1cf752f-817a-41cf-8f7b-2ae83da7a2b9,28c51e9d-0014-4150-952d-f3afe0b8476a,merchant,USD,2024-11-25 13:44:00,active
9970862e-34ae-4b93-af2b-8b3d7d7699d4,9511caeb-d82c-471c-b884-ff656497848f,checking,USD,2025-02-27 13:31:00,active
1202b1e1-85ba-43b3-b577-9347a4f8e61a,9511caeb-d82c-471c-b884-ff656497848f,checking,USD,2025-03-04 11:31:00,frozen
2aa6c2e2-0cc3-4d70-a3e6-2d54f9ac2c59,9e6e8aeb-73d9-4b3d-90d5-63101e5c00fe,checking,GBP,2024-09-12 23:57:00,active
254c3b3d-2298-4544-828d-3153ca034154,9e6e8aeb-73d9-4b3d-90d5-63101e5c00fe,wallet,USD,2024-09-11 05:57:00,active
9bd4bfa7-9099-41c1-8e6f-cf0aa10f860c,6ea832f3-fe9f-4f3c-bc42-f209eacd2a55,wallet,USD,2024-01-09 14:59:00,active
e553be8f-6571-40d3-bc33-c81d251e6fee,6ea832f3-fe9f-4f3c-bc42-f209eacd2a55,merchant,USD,2024-01-17 01:59:00,active
6055f367-192e-4761-bdbe-f11227eb056c,709d248d-0f74-4a58-ac85-51584cbfab31,checking,SGD,2024-04-21 07:58:00,closed
5b2dbd51-abc1-46f0-acd5-53bb798b1cbd,709d248d-0f74-4a58-ac85-51584cbfab31,savings,GBP,2024-04-19 21:58:00,active
04501e8d-1d2e-45d4-a6d2-28dc41bc93f9,4acfbe6b-5ae3-4909-bc50-d73055431f8c,wallet,USD,2024-02-28 02:23:00,active
bfc77689-4783-49ac-abe0-ab988fce0c32,df58c429-3923-4f0a-9edc-39d86cf7455b,checking,USD,2024-11-25 15:46:00,active
1d6a78f5-bb2b-4a48-8331-7dad919246bf,df58c429-3923-4f0a-9edc-39d86cf7455b,checking,USD,2024-11-21 23:46:00,active
3c06b15d-26c3-49a7-bc83-ed17614c961b,8dac1279-8a30-4ed0-b7e4-1042b28dc382,checking,GBP,2024-04-22 14:04:00,active
fe6dd0d0-d9b6-4124-acc2-3127f436080a,93c4c056-94dc-4fbe-9d8e-eb5d2cb420bf,savings,USD,2024-06-29 14:55:00,active
e378a97e-bbd2-48f5-b286-0481fa78f764,93c4c056-94dc-4fbe-9d8e-eb5d2cb420bf,checking,USD,2024-06-30 12:55:00,active
aebb880d-1f95-49a2-b5b3-f5c2bfd27dd7,93c4c056-94dc-4fbe-9d8e-eb5d2cb420bf,merchant,GBP,2024-07-01 07:55:00,active
57a27e92-578d-4572-a0a6-4b8daf6e6edc,4071a407-3f96-442b-b154-de757009664c,merchant,GBP,2025-02-25 12:06:00,active
a828f36e-7a27-4e7d-a8a4-dd7e3588855c,4071a407-3f96-442b-b154-de757009664c,checking,USD,2025-02-19 23:06:00,active
2abba26f-0db0-43c0-8d61-adccfb63bc33,4071a407-3f96-442b-b154-de757009664c,checking,USD,2025-02-24 03:06:00,active
2a584368-384a-4f55-b340-ffbf9e45c19b,977bd9ff-1663-4daa-9763-733409d115c1,checking,USD,2024-03-11 01:43:00,active
ad10dbb7-1684-4057-ac2c-775d0dba02ba,15101c6b-28b4-4bba-a574-2dc94df86391,checking,GBP,2024-06-29 08:13:00,active
3abc37b2-2552-41c6-8d10-75462090b705,15101c6b-28b4-4bba-a574-2dc94df86391,wallet,USD,2024-07-03 12:13:00,active
edf13783-bca9-4ddf-8962-329f72348c23,15101c6b-28b4-4bba-a574-2dc94df86391,checking,GBP,2024-07-05 00:13:00,active
83609b6f-16cb-48ff-88bd-fd27b46d6525,16e8f57e-07da-4d3d-a24b-e4b5e1c05143,wallet,EUR,2024-04-23 03:57:00,active
a81bb79a-e5bc-4a32-af64-167ce552492e,221512b6-d4ca-4b6c-bcee-bc992499e84f,checking,GBP,2024-06-18 01:15:00,active
46d5d224-2852-46f3-b825-f2d4579fdd95,221512b6-d4ca-4b6c-bcee-bc992499e84f,checking,USD,2024-06-14 17:15:00,active
deccfff3-aba1-4fce-b094-159b58f5eabc,9ae5a9e9-248d-4541-b74f-f64969ec027a,checking,USD,2024-05-31 08:01:00,closed
646a9a32-90f2-441c-a692-6ae8a7b43a95,532971b7-0c4e-42c1-8c77-15cd60423e70,checking,USD,2024-09-22 20:47:00,active
2de6d527-be35-4aca-a95d-21c9b09c86d6,532971b7-0c4e-42c1-8c77-15cd60423e70,wallet,USD,2024-09-25 17:47:00,active
b2cbef05-4e53-4228-8c39-29e428e93711,532971b7-0c4e-42c1-8c77-15cd60423e70,checking,USD,2024-09-25 11:47:00,active
10557cb8-f0ba-44d6-b627-7afe6be2b8fc,92060ed9-3152-4468-9a92-3c7fd1121b2b,checking,USD,2024-09-11 01:07:00,active
eee7dc73-5ebc-4402-845f-378456a4bc53,04775d03-d2f6-40b1-8cf5-a96cebbe7a14,checking,USD,2024-07-04 07:08:00,active
e8e839de-0fab-4f48-8ab1-06f86ebe1eb6,21779ed8-0cbd-44df-ad7d-2d4c34f24aad,merchant,USD,2024-09-03 01:01:00,active
0fb29d90-5259-4762-80d1-3261594ae887,54b6053f-dc9f-4028-89a2-df4e9734e16e,checking,USD,2025-02-15 10:32:00,active
650e1732-d633-4701-90c3-91fcc5caaa34,da58c122-855a-46b6-b347-90cdaa871dd7,checking,EUR,2024-12-03 06:34:00,active
8d72209f-7209-4b8e-b901-b969f8c47276,f0b16ba7-9d2e-435a-815e-7de58d8e1d22,wallet,USD,2025-02-22 13:34:00,active
c87821b1-d8d2-423b-ac26-ee2a32cad6c1,f0b16ba7-9d2e-435a-815e-7de58d8e1d22,savings,USD,2025-02-22 20:34:00,active
19290b24-76f4-404d-a85a-5488d2a2e1bf,1def9b66-85c5-4bb1-b768-b2c5605672f6,savings,USD,2024-02-05 07:44:00,active
37006d53-4f0c-44a3-b316-73af2a3ab87e,a68a5010-3252-4a85-895a-6772bd49afd8,checking,SGD,2024-08-31 00:38:00,active
ce62bb26-df12-4c1c-bb73-bb11779cdf48,e5c8e2ca-5e9b-4c0e-b6ca-d208ecca22b0,checking,EUR,2025-01-01 13:44:00,active
7ee1ecaa-64be-42ba-bc21-9663eaaed7d2,633cd602-a777-4fe8-807c-b30c945bedae,wallet,USD,2025-01-08 06:10:00,active
73b21b64-abd4-4e84-8987-f202fb9123f2,77c78590-d0fa-4dcf-a332-8705c18c36da,wallet,USD,2024-06-22 01:17:00,active
f7489108-a070-4c37-9de6-60fe26bbd7bd,ced4dc10-f55f-412b-8e89-1105a38d943e,checking,USD,2024-08-25 09:23:00,active
377ee5a0-c6a5-4f9c-8ae2-69f624b2c71c,feebfe77-2a29-4a02-af7c-54ec0d1807ef,checking,USD,2025-04-06 12:43:00,active
951f3909-6fbf-43db-8963-f8728dc35566,524b4c24-93eb-4d6d-b09d-4587a8c489ad,merchant,USD,2024-01-09 14:02:00,active
68842fa5-5da5-4d54-bbf4-46d95d2109f0,fd444a8c-a270-423a-bab2-ee67a30117b4,checking,USD,2024-01-27 04:51:00,active
133db938-5364-4110-a1ce-79417a9d9383,7d25957e-8bf9-4d0b-b327-e15b59164ed0,savings,USD,2024-08-10 04:20:00,active
2c60bafc-029c-48c2-a368-d498db604fec,7d25957e-8bf9-4d0b-b327-e15b59164ed0,wallet,USD,2024-08-08 17:20:00,active
809424ca-6b02-48fe-b6d2-e95b0cfee1dd,3cab65fa-81cd-4af4-b652-9204d33c5011,checking,USD,2024-02-06 00:14:00,active
fd7bdc58-788d-4ae7-82e7-2b6d8d27cb9b,3cab65fa-81cd-4af4-b652-9204d33c5011,wallet,USD,2024-01-27 23:14:00,active
333d0b89-3751-447f-bb7c-68978744edc1,d838e729-6246-4327-867e-7e3dbe1e548e,wallet,USD,2024-09-03 05:49:00,active
a1555236-5142-4d3a-8cac-4651cf35be19,d838e729-6246-4327-867e-7e3dbe1e548e,checking,GBP,2024-09-02 07:49:00,active
3973d40b-ac61-4b29-a72b-d599d4be0b7f,d838e729-6246-4327-867e-7e3dbe1e548e,wallet,SGD,2024-08-28 20:49:00,active
d8fb4cec-6cd2-4be9-b12b-5946518f6e6a,e46afd54-836e-460d-8912-dbc9449fadc1,checking,USD,2024-04-20 07:36:00,active
2c8ebb93-3533-4214-ae33-97db0bd2240b,5b554cd3-4e93-42c5-9a81-64871d346fd6,savings,GBP,2024-09-13 06:46:00,active
40cc4bcb-26e5-4d5f-8fc6-785c86d9a901,5b554cd3-4e93-42c5-9a81-64871d346fd6,wallet,USD,2024-09-19 07:46:00,active
c5238dd3-50dd-4ca3-97b2-75f98e338333,5b554cd3-4e93-42c5-9a81-64871d346fd6,wallet,USD,2024-09-14 22:46:00,active
51061d96-ca2d-487f-bf3c-721da9a12792,e268886e-52bf-4b3e-9fc5-7a6724b1d77b,checking,SGD,2024-07-31 10:14:00,active
e5b4edb6-bdb0-4016-a592-d32541916b57,8a15a067-5e2c-47d9-b582-c65798a5c448,savings,USD,2024-01-10 02:24:00,active
d5b668c6-76d3-41cc-a95c-301a95188e81,8a15a067-5e2c-47d9-b582-c65798a5c448,wallet,USD,2024-01-07 16:24:00,closed
84043677-d53c-449f-ad03-3516da712f21,121ffcf0-712a-4cef-94dc-2fcf5a6e1c55,savings,USD,2024-05-10 04:31:00,active
c2864ed4-8777-45b6-9741-04d2526a6316,c19fe014-54f5-4b80-9bbc-b6f39d1e5eeb,checking,USD,2024-01-29 17:57:00,active
b5b3866e-58ec-4017-84ce-7a6860cf0f99,c19fe014-54f5-4b80-9bbc-b6f39d1e5eeb,wallet,EUR,2024-02-01 01:57:00,active
3a32d388-a5a3-4954-906a-e96eb0e5c8d2,cbdf035f-2ff5-4f1c-aaf8-5356949328b0,wallet,USD,2025-01-26 12:37:00,active
03658464-5589-4940-a487-0be449bfa257,ee5311a8-6acb-4509-b03d-2a58a2fcab1b,wallet,USD,2024-02-02 08:42:00,active
3f94f4d3-6dc8-405f-9a01-45dce3880a07,ee5311a8-6acb-4509-b03d-2a58a2fcab1b,checking,USD,2024-02-11 07:42:00,active
86aa12f0-2973-4177-a69c-7e82712113f7,b54fd8fe-52f9-43e1-9ea7-b5bd8e8edf4b,savings,USD,2025-02-17 11:44:00,closed
3a574522-4c30-4643-9371-1a6914e48680,5566cdda-b456-4d84-aee9-dc735d9d6098,checking,USD,2024-04-20 05:49:00,active
e7e198bc-6e00-45f1-a0cd-502f81beac01,16a9e621-d847-46be-99be-0bee4e0622f5,checking,USD,2024-08-02 07:34:00,active
71a6eb71-b8c0-4c66-afd6-e9d23033d826,f53c2c5c-ec89-4953-9a41-9c93663c8b34,savings,USD,2024-02-17 03:51:00,active
67f0d8ce-2858-4f9e-bc61-a2717dc943a2,2980f75e-e588-41f5-ab08-badad547a3b1,checking,USD,2024-03-19 09:45:00,active
a287fa86-843d-42e1-ba3a-c0da624e380a,cc093d1b-88bb-44c8-8731-d83ea79ce485,wallet,SGD,2025-03-03 20:01:00,frozen
1629cbef-c6a9-4dc5-ae00-5f91bccd38db,cc093d1b-88bb-44c8-8731-d83ea79ce485,wallet,USD,2025-03-02 21:01:00,active
4052612e-c127-4f5f-9102-0f0549c86ebc,cc093d1b-88bb-44c8-8731-d83ea79ce485,wallet,EUR,2025-03-02 07:01:00,active
cdfbe927-a37e-4bbf-9f6b-29203ed8da3b,262023ec-9117-422c-9c3d-b469ba4572f4,wallet,USD,2024-02-21 02:06:00,active
59108ca8-3f39-4960-a6e0-8d04a58a4eeb,451425a4-1935-4ccf-9823-d8dee39ea622,savings,USD,2024-04-25 23:12:00,active
cc463628-1b98-41f6-b4a1-9636c2b289db,451425a4-1935-4ccf-9823-d8dee39ea622,wallet,USD,2024-04-28 14:12:00,active
76fe505e-bc71-49d3-9ac4-e1a722587014,83eab082-9c5e-41ff-a0e0-7cdc5b920634,checking,EUR,2024-10-28 02:16:00,active
16d0c358-8b9c-4ba1-99e9-03705d9b3f95,5a3239a4-846e-4f83-91f8-310080b926e5,checking,USD,2024-11-30 05:51:00,active
7aafe96f-4bbf-4931-87a0-42dfbbd65431,5a3239a4-846e-4f83-91f8-310080b926e5,checking,USD,2024-12-03 09:51:00,active
95a81702-a066-4047-9aa8-ee03a3ab6419,5a3239a4-846e-4f83-91f8-310080b926e5,checking,USD,2024-12-01 18:51:00,frozen
3728ccdf-1443-4b29-baed-8885d030f8a7,4bf1c581-40ec-4b03-8155-b87759e4b081,checking,USD,2024-10-28 15:52:00,active
19905439-f971-41c1-9a6f-7812887e8c74,4bf1c581-40ec-4b03-8155-b87759e4b081,checking,USD,2024-10-24 23:52:00,active
73f3ddac-9550-4d4f-99d5-47c9d0a431c2,4bf1c581-40ec-4b03-8155-b87759e4b081,savings,EUR,2024-10-27 17:52:00,frozen
e35fdaa3-a01c-4801-b0d4-d84c289e1d6a,77726bf5-84da-4091-ab4b-2c95ac13b88d,savings,USD,2024-04-29 13:17:00,active
a966532b-2e2a-4da4-9641-c89f743c4034,1a26e57e-1963-42f7-b773-c655b11ec8f0,merchant,GBP,2024-06-02 02:26:00,active
aae7a092-a720-457f-8b2c-ef04c2527ab0,8b67f95c-6b37-4d2f-88a9-3e54b85316fa,savings,USD,2024-08-04 01:41:00,active
9addb8e6-a697-4699-a670-b06afa9c3611,8b67f95c-6b37-4d2f-88a9-3e54b85316fa,wallet,USD,2024-08-04 07:41:00,active
9372bb49-ad18-4465-b2c1-a3fff10f69a3,720317e4-33f7-45e9-bb81-9bc19eaf5d78,checking,USD,2025-02-13 04:24:00,active
a1a67bec-ae18-4b44-a9e1-809d216add1d,7ad6c3d8-da86-42be-836c-3d8826cebbfa,savings,USD,2024-10-20 03:20:00,active
0f1877a7-6576-459c-a582-4576b1c4cab1,2a1e8455-d3b3-4035-9126-9f7f94f5c00e,checking,USD,2025-02-22 01:03:00,active
a89dd1c4-6a4f-4c14-a8d7-6afe85ae0223,2a1e8455-d3b3-4035-9126-9f7f94f5c00e,wallet,USD,2025-02-26 15:03:00,active
23611e0c-8011-4889-a266-205907974aed,2a1e8455-d3b3-4035-9126-9f7f94f5c00e,merchant,USD,2025-02-26 23:03:00,active
33c80098-2031-4de9-b741-334ce254592a,a1420ead-0b55-41e9-907e-9bc5e0f41f41,checking,USD,2024-04-30 17:06:00,active
9528d273-20db-4693-b83b-8589ffa9ca01,a1420ead-0b55-41e9-907e-9bc5e0f41f41,merchant,USD,2024-04-30 08:06:00,active
8fbceeb4-e172-4268-88cc-f59f30af872a,f982f5a9-ecfa-45ca-abf1-9682430b17e7,merchant,GBP,2024-02-08 04:36:00,active
55874ed6-772b-4395-8ec6-cbaac6c24363,57c18e68-2830-472a-9446-eed87d7d53ce,wallet,USD,2025-03-10 11:11:00,active
0f007b60-a856-4f7f-9efd-0d44fd3dbb82,e28b495a-d540-46a6-a22e-d4ec9cf697c3,wallet,USD,2024-01-24 23:44:00,active
75cc25a4-04b7-4b2a-a13f-73102994d788,8ce2c03e-41a8-46d8-bb76-69729bf67b72,checking,USD,2025-02-22 21:34:00,frozen
522d1413-5dd2-46a5-b055-1d4150acecc9,8ce2c03e-41a8-46d8-bb76-69729bf67b72,savings,USD,2025-02-19 18:34:00,active
6a7d1160-0243-4533-932c-840932cc128d,8ce2c03e-41a8-46d8-bb76-69729bf67b72,savings,SGD,2025-02-27 06:34:00,active
b3789d4f-b067-4335-a2df-eaf4b2dcbf96,48ccb376-d219-402a-96dc-79dfc04f1f03,checking,USD,2024-01-20 09:30:00,closed
72311e63-e521-426e-8315-a1269b121aa2,399cb5cd-2a7a-407a-a306-f251381db1be,checking,USD,2025-02-22 12:03:00,active
4a48dc40-d2a5-4dde-9489-3844a07c875a,399cb5cd-2a7a-407a-a306-f251381db1be,checking,SGD,2025-02-16 16:03:00,active
7d74272b-7af4-4000-aeab-fd3f5c52d6de,1f7c05b9-918d-4963-a1d3-3c64d10114e5,wallet,USD,2024-10-01 04:04:00,active
235a76f1-b718-4e0e-b4b6-b3d2770a9bae,f3cbad19-ed86-4dc2-9d7f-4560ae8f28b7,checking,GBP,2024-03-20 08:46:00,active
b7a61d76-e42e-418a-9e82-55c583e94c8d,f3cbad19-ed86-4dc2-9d7f-4560ae8f28b7,checking,USD,2024-03-16 05:46:00,active
52a02ef0-7d06-40ab-a895-7c5eda70fc1c,27f83a6a-5a2e-45a5-80a0-23d32e154624,checking,USD,2024-04-07 21:35:00,active
e5823e8c-50da-4ec4-bb6b-94bd9f2f87aa,27f83a6a-5a2e-45a5-80a0-23d32e154624,wallet,USD,2024-04-08 05:35:00,active
bd0439ba-8037-4984-844f-078039f63cbe,53663996-1870-470c-88ab-bd4d1abacc9a,checking,USD,2024-04-08 21:19:00,active
7d3f80da-1358-4371-b26e-0082b0155608,d1ff4365-d456-4339-a485-fe1ac9c34d8c,merchant,GBP,2024-10-21 11:54:00,frozen
6e6e96b5-7543-4b68-bad6-6674485fe5e8,d1ff4365-d456-4339-a485-fe1ac9c34d8c,checking,EUR,2024-10-29 03:54:00,active
31216b5f-1b4d-4b19-8e22-021670739415,fda52478-6fc4-43a0-9d60-deffcb002cf5,checking,EUR,2025-03-01 01:14:00,frozen
991c22af-a469-4f2c-884b-3f44513d60ec,cabc74e7-4fb4-40d8-b65c-ab982d6f98c5,savings,USD,2024-05-03 06:20:00,active
e6a46a58-a76f-4df1-b089-a8c21cd26cd7,1e390260-7b59-41d7-8e68-a8fd6e42984e,checking,USD,2024-06-28 08:00:00,closed
96e8683f-d163-4ae6-8f97-24998b7ecef2,1e390260-7b59-41d7-8e68-a8fd6e42984e,checking,USD,2024-06-27 23:00:00,active
edc480d8-8abf-42d1-a132-27b62f9cb9fd,fb95b5e4-183e-4c1b-9bab-ca00c5a3d40a,wallet,USD,2025-01-04 21:03:00,active
0e41d889-e522-467b-8db2-9123e130424b,a8aaaae1-5dc6-4c20-b717-a0cc5555361d,checking,USD,2024-07-21 11:34:00,active
73772234-2255-4f92-9b6b-eb13e75ded4b,5edc38d0-f26c-4ee0-875b-1ce8da3f402b,wallet,USD,2024-05-01 04:28:00,active
e6a08c9a-384f-4439-84ed-93cfb6f51954,5edc38d0-f26c-4ee0-875b-1ce8da3f402b,checking,USD,2024-04-29 03:28:00,active
118d113c-a915-4a4c-8df6-2973572c5946,158831f5-3941-4776-8336-b5cc97600f63,checking,USD,2024-02-08 09:10:00,active
712c430b-8a79-41a4-a1a8-c9a332b5cd86,158831f5-3941-4776-8336-b5cc97600f63,checking,USD,2024-02-13 02:10:00,active
5825ea4f-132f-49b0-8f0e-95816f0cae47,25e8c1c6-5600-4dd9-b491-d1771b0f6f21,wallet,GBP,2024-02-22 14:38:00,active
f5492547-be42-4d0a-a38b-8151f58df8f3,0751117b-c45f-4695-bd83-e1fc8589612a,merchant,USD,2024-12-08 02:38:00,active
dcf703d4-8355-4cd3-8be0-b7f007550b75,0751117b-c45f-4695-bd83-e1fc8589612a,merchant,USD,2024-12-01 12:38:00,active
877c26a9-93a3-4265-b473-e2a20b650b87,fd29f126-233b-4746-b8f4-494fbb7c846e,checking,USD,2024-04-14 11:44:00,active
a9c4738b-23d5-4a5e-ba83-7cc5936a6703,fd29f126-233b-4746-b8f4-494fbb7c846e,checking,EUR,2024-04-13 20:44:00,active
23caf165-2358-488b-8669-54f1e6781ab5,fd29f126-233b-4746-b8f4-494fbb7c846e,checking,USD,2024-04-12 23:44:00,active
3ccd73a6-0e1c-4dfd-aef4-f97b5ec75bd0,9488bc29-f726-490b-ac89-0d6b95fe9c5f,savings,USD,2024-02-04 09:36:00,active
8ccf1a30-2a44-42a5-b3f5-3334932451cc,9488bc29-f726-490b-ac89-0d6b95fe9c5f,wallet,USD,2024-01-27 22:36:00,active
8c89eff1-f53c-4473-9a5e-0da614c81669,ffc4ca84-8864-4704-b7ec-075780e80993,savings,USD,2024-06-03 05:40:00,active
b2a6d388-4d16-48a7-a737-cfef84bb19f8,ffc4ca84-8864-4704-b7ec-075780e80993,checking,USD,2024-05-31 07:40:00,active
d53b57e3-14e2-461c-881d-8eee97be4763,897eb54d-b330-4931-b32a-0e1fae3436fd,wallet,USD,2024-02-12 07:54:00,active
4b26ed34-41f0-4980-84c9-21abea64a262,397d5fc1-8c07-42af-9450-ba1b5ab09ec1,wallet,USD,2024-12-03 11:24:00,active
801dbf65-b568-44f2-881c-91e0203bfd67,f6c43a12-c64a-4374-82e1-de5dadd9ffda,checking,USD,2024-08-30 11:14:00,active
87ecdce6-7bb7-48e8-8c5d-97e298986feb,90891580-88bc-4faa-9814-d7422f3f02e4,wallet,USD,2024-02-23 14:42:00,active
81101d9f-c60f-4b95-a6b2-720711b4fa99,90891580-88bc-4faa-9814-d7422f3f02e4,merchant,USD,2024-02-20 10:42:00,active
55fcc439-82f3-4c01-b402-35b0656d254a,90891580-88bc-4faa-9814-d7422f3f02e4,savings,USD,2024-02-24 18:42:00,active
70206fb3-8507-4b17-87f0-c6909e9207e3,92a3f813-7abd-410b-9376-b319b5841648,wallet,USD,2024-02-08 02:52:00,active
0cc44e64-99c6-43ab-a179-5a607c64b770,53142833-591d-44c3-94e4-37d1b7434082,checking,USD,2024-05-01 19:19:00,active
8e0f3f44-5daf-448c-bc3a-cb09f3af50be,8a914330-7742-44a3-8c72-3b26af9dd55c,wallet,GBP,2024-12-21 17:09:00,active
fc110e7c-ec17-4281-a428-b34f29ecfcbb,c8c7a148-1e97-4b51-b683-d047ca3c1125,wallet,SGD,2025-02-22 22:08:00,active
d40d8da7-6f91-43eb-92f3-28cd7006b558,bdf87c8c-e577-4998-8c29-2dcb66ca20b5,wallet,GBP,2024-11-21 03:53:00,active
f46a59bc-1219-447c-96ed-a3a43b069bc7,bdf87c8c-e577-4998-8c29-2dcb66ca20b5,checking,USD,2024-11-24 03:53:00,active
8a67bb1b-43e7-4f45-8dd7-6b6214569615,ffc097d2-f44b-47a3-9f3a-e222f6136421,savings,EUR,2024-07-22 04:25:00,active
ed400cd1-dd0f-4148-8b3a-6d877fe6d723,a73b78ab-0298-49f4-a9e6-67f9e7a1af55,wallet,GBP,2024-12-31 04:37:00,active
3b2046d2-ab00-45fe-a5b6-4f662d2e4a39,a73b78ab-0298-49f4-a9e6-67f9e7a1af55,wallet,EUR,2024-12-26 15:37:00,active
6b5eede9-878a-4482-afd7-d7ad3400f748,a73b78ab-0298-49f4-a9e6-67f9e7a1af55,checking,EUR,2025-01-02 15:37:00,active
6c064e6e-ddfe-4e09-87ea-0d1b90802460,0c6a8896-5c92-4c10-bfdb-3b1c07399b5b,checking,USD,2024-11-04 10:59:00,active
18f98a53-e376-4c9b-80b0-f2d8a05671b6,19bbd23b-2a92-4880-b0da-3c33c9acde44,wallet,USD,2025-03-26 15:16:00,active
895271ad-c137-4680-a7d0-7dc5940cb900,e34facf2-e091-43bd-bf59-c01c4caba95c,checking,USD,2024-07-28 05:39:00,active
9bf040bb-5cb9-4555-b14c-9905fc13daad,e34facf2-e091-43bd-bf59-c01c4caba95c,wallet,GBP,2024-08-04 12:39:00,active
ddc9f687-83b4-4196-9871-c90590d1ede2,3823ef81-b1dc-4009-8682-48bb0e968e7e,checking,EUR,2024-12-23 21:03:00,active
fd383072-6bb8-4aa5-8f4a-f01f2eb712c4,3823ef81-b1dc-4009-8682-48bb0e968e7e,wallet,USD,2024-12-24 07:03:00,active
9e912c5d-808b-431a-ab1d-de7bdf18ec02,22de0da7-d60e-49f8-8734-de2e546dcdc2,merchant,USD,2024-06-11 23:17:00,active
21a62d9c-d792-4638-9648-0f85a399816f,22de0da7-d60e-49f8-8734-de2e546dcdc2,wallet,EUR,2024-06-11 23:17:00,active
b31a990c-ff2f-44f8-bf6c-dc76955e849e,ca34a034-c4ec-42fc-bc14-b8fde309e778,checking,EUR,2024-05-03 23:19:00,active
ba0210e9-5aa1-4732-909e-9a0f1938cf7f,ca34a034-c4ec-42fc-bc14-b8fde309e778,checking,EUR,2024-04-29 14:19:00,active
674b0397-2b51-450d-9b11-0fab04a6a192,ca34a034-c4ec-42fc-bc14-b8fde309e778,wallet,EUR,2024-04-28 21:19:00,active
20435b25-fa1b-4adc-82e0-10ede4d50f82,6424728a-f7a2-4ca7-af80-e2f2657d257b,checking,USD,2024-08-08 23:41:00,active
33fae18f-92fb-4449-aada-23c8173d30fe,d33505b7-8dc0-4b76-96a5-8b7632f8694c,checking,USD,2025-01-25 03:55:00,frozen
023893f9-f79e-4b12-b381-1156f300205c,d33505b7-8dc0-4b76-96a5-8b7632f8694c,merchant,EUR,2025-01-26 03:55:00,active
84a288e5-9eb0-4e83-a1b2-f427de4d8fd9,e9f0c93e-1729-43fe-9d5e-42ab89f5aa37,checking,USD,2024-09-19 02:08:00,active
8d3d67af-7069-4c7e-9c64-ae11e22aad6a,49cb497a-2bb8-4dac-9ff8-2dd24c7c65e0,checking,USD,2025-03-26 05:53:00,closed
0f731fbc-9498-4fdd-a7f5-e5dffbbc2f96,a7008cb9-e082-4758-a40c-11bd0b4c1dd6,checking,USD,2024-05-27 04:52:00,active
cf73a8ff-0876-4871-8fcf-21080684832d,3a65b173-a9f7-4df4-a106-9ec872ca78dc,savings,EUR,2024-07-15 00:38:00,active
8a311e90-2a4b-4746-b80d-3b9105b638b2,e09482e9-c0b1-47a5-a5ae-8d3cfa411006,checking,USD,2025-04-07 04:47:00,active
9e994822-568a-459a-a797-b7fbbc98104b,240baca2-8a53-4fc1-ab71-5605028d5323,checking,USD,2025-03-18 09:49:00,active
a9668ce0-2f49-407c-95c8-d6eb4aced610,240baca2-8a53-4fc1-ab71-5605028d5323,savings,USD,2025-03-18 13:49:00,active
0586b5e6-a47f-4eb5-9d88-03b5d5765dc2,a5462dba-a84f-4e1c-8c91-6a911d515749,checking,EUR,2024-05-19 03:26:00,active
616411d6-779e-4144-afa2-a7ee7aadf2db,a5462dba-a84f-4e1c-8c91-6a911d515749,wallet,SGD,2024-05-21 08:26:00,active
a352b178-a17f-4801-91e6-b40f21ba879c,75570d66-3d06-4600-a658-20e5fbe91979,checking,USD,2024-11-10 16:14:00,active
b878b163-ea6b-4889-816e-1cd0c2b31344,96cdb38a-dae7-40a2-8af4-26ffc1fe28e0,wallet,GBP,2025-04-09 22:54:00,active
f9ca47ac-c369-4c8c-bfb0-3be3f30ea849,96cdb38a-dae7-40a2-8af4-26ffc1fe28e0,checking,EUR,2025-04-10 04:54:00,active
7cc5f9e1-3799-415b-928c-300f00cb7b0f,96cdb38a-dae7-40a2-8af4-26ffc1fe28e0,wallet,USD,2025-04-05 09:54:00,active
4553a98d-393b-4f89-9271-5060790fb856,39a11226-edac-41fc-a9c1-2f6fab3ab130,merchant,USD,2024-11-23 16:37:00,active
bbee6d1a-cdf5-4c5d-9807-9b87964b03b5,39a11226-edac-41fc-a9c1-2f6fab3ab130,checking,GBP,2024-11-25 19:37:00,active
19f8876c-ec73-404b-b564-8311ced49b54,39a11226-edac-41fc-a9c1-2f6fab3ab130,savings,USD,2024-11-23 00:37:00,active
7dc05167-faee-440c-b8c4-f5b70827e8a7,3c6d154e-b1b3-4562-90e7-3b37789097e6,checking,USD,2024-10-24 01:38:00,active
e236ee0e-e58e-49a9-89b7-57fadb20789d,3c6d154e-b1b3-4562-90e7-3b37789097e6,wallet,USD,2024-10-21 08:38:00,active
e84bca56-d003-4884-af16-d095946c3d6e,926e9d3a-e454-4cca-a178-8bc18a2169c6,merchant,USD,2024-05-27 23:20:00,active
c128c909-ba7b-4f55-81fd-036a5e66c9f8,6f870909-c660-4914-a5dd-e425a7b22a05,checking,USD,2024-06-03 14:09:00,closed
eab3c40d-25fe-46cb-997c-137d8efa2b59,6f870909-c660-4914-a5dd-e425a7b22a05,wallet,USD,2024-06-10 06:09:00,active
6b9e28b6-8f63-430f-8c05-6e6223b9dc8d,13386fb6-f36c-4180-8f2d-6377f90981e2,checking,EUR,2024-11-05 03:42:00,active
d3e28f2f-1609-4839-99af-01e592618091,c6e7f23a-a813-4aa3-85d0-65496b171c1b,wallet,USD,2024-05-16 15:25:00,active
b93fec51-7ca1-4171-a9fa-c375c6fec180,c6e7f23a-a813-4aa3-85d0-65496b171c1b,wallet,SGD,2024-05-16 10:25:00,active
a2ad8579-217b-4ade-8fb3-d4e0166e3c8a,e03d680b-a743-4b35-b8fb-061b9db5f280,wallet,USD,2024-07-01 15:45:00,active
e1566661-d0ad-4b43-8e61-5c388b646620,e819532a-8828-4e6f-bcb9-1dff0f298184,checking,USD,2024-07-10 06:19:00,active
f6e2c485-3c74-4db4-bf58-6af68d247b5c,b3f88975-eea1-4fd4-8dca-881c4e23647e,wallet,GBP,2024-02-29 02:08:00,active
14517f6d-292f-4391-a9e8-8de159f145f6,50330c29-7064-4e37-a05f-17a588865fcd,savings,USD,2024-06-21 08:05:00,active
ef436b6c-72a9-4ef5-9183-5a2a29c1c2c2,78914c99-b7c4-4e81-b942-f23562fc871a,wallet,USD,2024-06-28 16:16:00,active
56e59fec-9eac-41a8-b5ef-cede138b2d28,6ac2b0ef-c91e-4448-92ca-bcb1bdfead39,wallet,EUR,2024-11-02 04:39:00,active
9c0865d4-c793-4fd9-aa3e-d350f0019bc5,6ac2b0ef-c91e-4448-92ca-bcb1bdfead39,wallet,USD,2024-10-30 22:39:00,active
bee318b5-7f86-467d-bdfb-28da7390837c,1d6773ab-bc75-451f-ab9c-184f3a2214fa,savings,GBP,2024-06-05 14:03:00,closed
a36833c6-9ba5-4e6e-8b29-bd26b6781351,aed7fc2e-87c9-4980-b09a-1ce46712e16c,checking,EUR,2024-10-26 10:09:00,active
b113cc77-4d0b-44f1-a237-a22e35747420,aed7fc2e-87c9-4980-b09a-1ce46712e16c,checking,GBP,2024-10-27 06:09:00,active
6625f302-3134-435f-8c49-02b37f748268,aed7fc2e-87c9-4980-b09a-1ce46712e16c,checking,EUR,2024-10-21 17:09:00,active
3b39abb3-09fa-4482-99ab-00493b9ca456,281d2e6e-371d-4a73-a8bb-e43f84c102d4,merchant,USD,2024-03-31 19:40:00,frozen
e76fb783-cf06-4b50-8f07-43f0366f93e2,281d2e6e-371d-4a73-a8bb-e43f84c102d4,checking,USD,2024-04-02 09:40:00,active
bc2d8973-6db0-4bfa-b509-bea5f938c58f,281d2e6e-371d-4a73-a8bb-e43f84c102d4,savings,USD,2024-04-08 15:40:00,active
10a35779-ad5b-487e-9f1b-1b9d3edba1f7,483109d5-755c-4d76-84ce-8800192cb414,merchant,SGD,2025-01-29 02:31:00,active
8f39bea8-e3a5-443c-9970-88ca181d9c20,908f52ab-ad00-442f-be4d-6a644c3caf4f,wallet,USD,2024-08-08 09:27:00,active
696d567c-71c1-4df3-8135-36aa56a90cfc,4ddf44d5-bdeb-47ca-82ed-1cb70e716a89,checking,USD,2024-07-18 02:57:00,active
6b65e2bd-a82a-476f-be08-ff11d57a93d7,4ddf44d5-bdeb-47ca-82ed-1cb70e716a89,merchant,USD,2024-07-14 23:57:00,active
59bcc4ff-db01-41fc-922d-25b426876895,6b06a084-f014-41e5-b9c0-07c342f318ec,checking,USD,2024-05-13 18:44:00,active
53dda859-9427-4c85-acba-5950b3594a68,6b06a084-f014-41e5-b9c0-07c342f318ec,savings,USD,2024-05-10 09:44:00,active
ea1e9674-3453-47da-97c3-f0a2a15bac5a,e959d6f0-be6a-4102-a4db-cc9b8e1b55d7,checking,USD,2024-06-05 19:04:00,active
69528684-6b43-4698-b16b-2de667b25159,b9c61ce1-2a3b-43dd-a174-08aa42acba1b,wallet,USD,2024-11-09 13:21:00,active
6bcfd840-c602-4041-910d-f5c2577f8664,b9c61ce1-2a3b-43dd-a174-08aa42acba1b,merchant,USD,2024-11-02 06:21:00,active
2ef1dc65-1607-46af-b2be-f73ac7620b4b,c338986f-8a26-4ce2-8862-2337393be543,wallet,USD,2024-07-06 09:10:00,active
e483146d-ee19-4189-a9fa-014c5942d6f6,02a5c21d-ee8b-4e77-a559-4a555ca2e669,checking,USD,2025-01-16 11:13:00,active
728dade8-c376-4cfd-bdae-a31871bee119,02a5c21d-ee8b-4e77-a559-4a555ca2e669,savings,EUR,2025-01-15 17:13:00,active
cd227d84-d353-4c91-aa80-4962958f1b92,2834acd5-397d-4376-9c8f-0be9fe68d5e8,checking,USD,2025-02-09 14:24:00,active
10c5b8df-be5f-4dfb-9f2b-145027584ba7,e3d41fe8-318e-4f37-a649-5f0e2aa3b929,checking,USD,2024-02-01 13:06:00,active
e408c9dc-516d-4d64-8367-d2ad034118ae,e3d41fe8-318e-4f37-a649-5f0e2aa3b929,checking,USD,2024-01-28 03:06:00,active
a9738f79-986f-407d-8a3e-fbf5df6a0fb3,cadd21fe-a42b-499a-adcb-77a5cb86a1ff,checking,EUR,2024-03-09 05:16:00,active
0e58c73c-52f7-48ff-8de0-f9f69fcad4e6,8facbc57-7f2f-48cb-a99b-0ded0698951c,checking,USD,2024-08-10 21:06:00,active
6af71d32-1e84-4ae3-8bb3-4cdce6ac1cc6,8facbc57-7f2f-48cb-a99b-0ded0698951c,wallet,USD,2024-08-07 13:06:00,active
0cc4889f-b40d-4626-8059-20768475d16e,ffd513d9-43b8-4a27-9583-49940a5c545f,checking,USD,2025-04-15 02:32:00,active
d1891562-45b7-4719-b1ec-694c1344ca06,cbd84303-60f1-4e21-9bfe-26de43dae1d8,wallet,USD,2024-11-11 05:49:00,closed
140bbaa5-5006-4b14-9431-69fe34a24489,cbd84303-60f1-4e21-9bfe-26de43dae1d8,wallet,USD,2024-11-13 09:49:00,active
cb7eb924-2bbc-4fc1-9343-a3336102298e,1aae98d4-9ea8-4aba-9363-de2e6248c68c,checking,USD,2024-03-29 20:35:00,active
18cd45f1-5809-4dfb-ba6a-e91376f73774,1aae98d4-9ea8-4aba-9363-de2e6248c68c,checking,USD,2024-03-25 00:35:00,active
638eae75-75aa-40f0-ac50-4313dd139d6b,60865133-3629-487f-8a69-12d7d18ecf0b,savings,USD,2024-01-09 16:05:00,active
90cc1959-71db-4a9f-82be-a0a7266ed090,cee1b258-24b0-490e-b129-eefcb68ea7f7,merchant,USD,2024-02-22 03:04:00,active
23cdb0d9-c060-4371-9c71-7dc40fb2fce9,cee1b258-24b0-490e-b129-eefcb68ea7f7,checking,USD,2024-02-23 22:04:00,active
5b1456c6-b8f5-4045-81cc-c820a4b64c37,fc5afa9f-069c-4d12-88ed-4931115db59a,wallet,USD,2024-06-04 22:29:00,frozen
361231b4-455e-49e5-910a-f962e248122f,fc5afa9f-069c-4d12-88ed-4931115db59a,checking,USD,2024-06-09 16:29:00,active
42b004f7-f0e1-424b-b3bb-3c0a519abce5,251f731e-bcb6-4fbe-b1db-19eae8e2301d,checking,USD,2024-12-20 22:27:00,active
0c7faf70-ad54-45b3-9066-79dab9857ab1,7f9215d7-fba7-4664-a757-cbc4c063e08e,checking,USD,2024-03-16 19:41:00,active
5c27001a-aca2-49c8-a403-0a557117e611,0fa853cb-56e3-4dfc-ba87-6dec67ea05b0,wallet,EUR,2025-01-17 01:23:00,active
71fef820-cca1-4df8-bb0d-6bcbab3d06f5,bd0abf83-5743-4bfb-ab24-109644eaa07d,checking,USD,2024-05-29 09:44:00,active
b274de41-fdbe-4395-b565-b838d89f3db5,e77a5ec1-6fbf-49b4-b605-c7dccc77c894,checking,USD,2024-03-03 22:44:00,active
6ac12e59-60b6-4c10-8627-6dfb38d05cc0,2bdbce1a-ef9c-4554-9a9f-13a0a0a6154a,wallet,EUR,2024-10-24 20:28:00,active
e1856036-f69d-4790-ae98-517d29434abd,add43835-45e0-44ed-818c-13e558bc7bd4,checking,USD,2025-04-04 17:57:00,active
6f628f18-f7d8-4b84-935c-ddc927d45515,d6a2d808-8f3a-47e2-ab1f-e9e08d48ea4b,checking,USD,2024-05-15 17:20:00,active
a93d68c9-4ed8-4729-ae30-d0d2883bdc86,888b2dfc-2165-45d9-97fd-70db59a560da,checking,USD,2024-04-28 17:55:00,active
2c206f10-b6ab-4178-8b7c-f2fde5569a67,db5c1a0a-acf9-4ee8-8c3c-9637ec30479e,checking,USD,2025-01-08 07:30:00,active
ca3c0235-68af-41b5-8d07-67ca89cdc956,db5c1a0a-acf9-4ee8-8c3c-9637ec30479e,wallet,USD,2025-01-08 17:30:00,active
aae21e2d-5d2b-4453-bb3c-e41ea8eac20d,0e9f9226-ed81-4518-add2-a83b157ae7ae,merchant,EUR,2025-04-09 06:03:00,active
aec7e77e-23a5-4196-aaee-63de63221d1c,0e9f9226-ed81-4518-add2-a83b157ae7ae,savings,USD,2025-04-10 04:03:00,active
864179ee-3992-49d6-b790-01b2b4e0e42e,d8c275fd-2f2b-47f3-aabf-f7878d3a28cd,checking,USD,2024-03-30 16:48:00,active
22538457-0550-4f5f-9f29-84ceebf425ce,d8c275fd-2f2b-47f3-aabf-f7878d3a28cd,merchant,USD,2024-03-26 17:48:00,active
c531a6a4-8b0c-46a9-a322-f88bfbc09028,7b6e833b-0763-4f39-a726-e26bde40025a,wallet,USD,2024-10-09 09:24:00,active
066d1c6d-ed47-4ce6-b52d-00b292cdfe07,7b6e833b-0763-4f39-a726-e26bde40025a,wallet,EUR,2024-10-09 05:24:00,frozen
c85bfc24-c5c6-41c8-8d62-0fd8913b9b6b,7a94147f-6ee6-4ed6-aaa6-0daaf3123092,savings,USD,2024-02-25 12:28:00,active
cf5ba4da-1fef-4745-a88e-e07a3a9209ec,d1fb533e-2bc8-456d-aa01-8132e6f0ef5b,checking,USD,2024-01-25 01:35:00,active
1279f425-91d9-4b3b-bcc4-ef0ea0c10430,d1fb533e-2bc8-456d-aa01-8132e6f0ef5b,savings,USD,2024-01-22 23:35:00,active
7086b7c1-ddb2-4405-b3d9-35dfb93a044a,33343402-f33b-49c3-b516-731bafc5441b,checking,EUR,2025-04-06 06:35:00,active
997a3052-059e-4e98-952b-e306738d3232,6e7ee9e9-9305-4590-a6cd-90206aedb56c,wallet,USD,2025-03-03 16:54:00,active
6518315a-cf67-432c-90f3-dc6686c524c1,b2e4ef4f-d5cd-441e-8cfd-3d2a5b23fd18,savings,GBP,2024-07-07 08:28:00,active
5e1ea967-2290-484a-bcfd-bdfb8220588f,b2e4ef4f-d5cd-441e-8cfd-3d2a5b23fd18,checking,USD,2024-07-07 08:28:00,closed
1af8c3ca-50dd-4c81-b340-66c131f5515a,b2e4ef4f-d5cd-441e-8cfd-3d2a5b23fd18,savings,USD,2024-07-08 15:28:00,active
265f1e47-8087-49ab-a3e1-cb77bc63039a,dfaea4d4-d478-4c83-8d9a-360a848d273b,merchant,USD,2025-02-23 08:35:00,active
a4c7dccf-0ec4-4e7b-abdb-5d55c25202f5,ca0b7065-2265-441a-b2dd-1593050d8d2d,wallet,USD,2025-01-12 17:46:00,active
cb8e8268-1e5e-46f3-8590-2d754863bd3f,b3e55a99-1475-4619-b51b-6f8b44283ac4,merchant,USD,2024-07-24 02:29:00,active
bb02a973-6401-4d7a-bb9c-4e7bc63c5258,cf194ad8-ddcf-49b2-9eb3-e17c8689f0ab,checking,USD,2024-02-04 00:53:00,active
c0a76298-7ea5-47d7-8b50-14ac703c9fb8,cf194ad8-ddcf-49b2-9eb3-e17c8689f0ab,wallet,USD,2024-02-03 08:53:00,active
0c425305-0c99-4b48-b7bb-26db645fc8ca,fe77f1c5-0f62-42d4-a429-0cb4b1af56c7,savings,GBP,2024-09-22 07:31:00,active
22c02d43-5cfa-40a2-8846-b2148969b7ae,fe77f1c5-0f62-42d4-a429-0cb4b1af56c7,checking,USD,2024-09-21 15:31:00,active
0f96bfda-50dc-4ac8-a859-10876686abe0,a89fb3dc-d006-4f6f-9f04-861cfcac137f,checking,EUR,2024-09-22 16:44:00,active
224271f2-75cc-4b38-a751-aa7129604649,bce932ed-f683-43cd-bf0e-ff056995faf6,checking,USD,2024-06-19 22:56:00,active
2c9a28ae-12d0-40cc-9f4f-3f613282d133,b3526ca8-f08b-47dc-82eb-ac15dd0fe312,wallet,EUR,2024-07-02 02:28:00,active
95aa740b-6f3b-4d6f-afdb-c38df48bf294,245e7275-eb03-4778-8215-32e5584b4c6f,checking,USD,2024-09-22 00:53:00,active
3d5bd647-c4a8-42ed-9db0-d106e800a670,245e7275-eb03-4778-8215-32e5584b4c6f,checking,USD,2024-09-23 08:53:00,active
19c94701-f36b-4627-9f65-e1bb1537d1e2,245e7275-eb03-4778-8215-32e5584b4c6f,wallet,USD,2024-09-28 20:53:00,active
7a81126e-8fec-4062-b555-e503d7938b4c,74fcee6c-5b6c-4700-a1fa-48e448801a02,wallet,USD,2024-04-21 15:39:00,active
592cec81-3401-47c3-b456-4070f6954a71,74fcee6c-5b6c-4700-a1fa-48e448801a02,merchant,USD,2024-04-16 11:39:00,active
9ccc8c76-1156-4095-b394-7a449d10a9f7,74fcee6c-5b6c-4700-a1fa-48e448801a02,wallet,USD,2024-04-14 17:39:00,active
ca27fccc-dd75-402b-af8f-9bc0979e9a85,bbfd1fd9-fefb-44ab-bc40-5adff42aac23,checking,USD,2024-12-01 19:32:00,closed
6bf9f7f6-a729-4d80-a173-5088bf630c59,b7fa3e75-6f1d-4f96-ba89-2896ed15165b,checking,USD,2024-09-04 05:36:00,active
464c9300-90dd-44ae-a071-b0e581b14761,b7fa3e75-6f1d-4f96-ba89-2896ed15165b,checking,GBP,2024-09-05 01:36:00,active
47b7d856-4167-46d3-8462-db9c1bfca49a,85c9e6c5-fefd-41ea-9cb3-9c2cca9a2053,wallet,USD,2024-10-01 23:56:00,frozen
4e4bf863-f99f-4145-bc94-d569e2030860,2992375f-ea73-4240-b97c-56f66f73bd28,wallet,USD,2024-03-20 17:42:00,active
8e957af1-fe37-4494-8394-fe99859457d4,db9ee2e0-6943-4f40-bd8e-d924664319eb,wallet,USD,2024-05-09 00:53:00,active
a0f6c164-8fd9-49e2-a11a-2a0a91d414e3,518bfb92-c890-404a-83b8-f993234d065b,wallet,USD,2024-08-23 18:39:00,active
debb895e-d3ce-4a69-8fc5-2d864cd41790,518bfb92-c890-404a-83b8-f993234d065b,checking,USD,2024-08-24 23:39:00,active
7f91cc11-9d01-470b-9350-905420160afc,9bb20696-599c-40d0-84d0-0a5e41eddd77,wallet,GBP,2024-10-17 04:15:00,active
885a6809-0b1e-4594-a5f7-c55c1bc5da6e,9bb20696-599c-40d0-84d0-0a5e41eddd77,savings,USD,2024-10-17 09:15:00,active
5000796a-ede4-4fb7-9a7f-312e399fda5b,8bb5baee-12f5-4794-b0e5-b0f4879b93b6,checking,USD,2024-07-25 12:50:00,active
befba7cc-3131-4a5d-aa29-8291b8a5e4a7,ff64c82c-f0c8-4e73-91ae-1cd12c92312b,checking,EUR,2024-05-15 23:39:00,active
3ef23d9c-ba42-4c98-8d71-1156775ea0c0,c2741d28-7e6d-47f1-8eb9-7a5e38f3aa7c,savings,USD,2024-11-24 07:45:00,active
004d06f2-654a-4e65-9427-6bd47e52a2c4,414d26af-75e4-4d81-9675-18883a0ee974,checking,USD,2024-04-19 09:28:00,active
7a80d46e-9cbc-48cf-ad43-2fc5771df89f,ecc3ae8d-9920-4e91-ae6f-90b74b22cfb1,checking,GBP,2024-03-05 09:02:00,active
6f8d1a50-758c-42f1-8669-149f621a1c8b,83db676d-0828-4d09-b4c0-0a59d6b6e378,checking,USD,2024-01-08 14:29:00,active
b9afcd34-dbc1-4279-8a64-18269e3e6c9e,83db676d-0828-4d09-b4c0-0a59d6b6e378,checking,USD,2024-01-07 07:29:00,active
d48811e8-661d-4e28-84f0-ea4e523efa85,c67422ce-5920-44b3-80f2-e2d37c3e61b6,savings,USD,2025-02-09 06:39:00,active
235bcfa2-29e7-4c7b-8552-085a21035144,c67422ce-5920-44b3-80f2-e2d37c3e61b6,wallet,SGD,2025-02-07 09:39:00,active
b90b2685-c9b5-498e-ac19-56dadffd9da7,c67422ce-5920-44b3-80f2-e2d37c3e61b6,savings,USD,2025-02-01 15:39:00,active
9ed974ac-bc87-4903-ab7d-7d3e58d2245b,5de5388b-5938-47c8-9a7c-44d7c3fe711d,merchant,EUR,2024-02-13 20:20:00,active
771eff73-e849-43fd-b594-baba8e21f130,5de5388b-5938-47c8-9a7c-44d7c3fe711d,savings,EUR,2024-02-09 07:20:00,active
1ff35d9a-7e50-4e96-af5c-7075a59f93f6,79bf3966-35db-40d2-b9c3-feb2d952a9d7,wallet,USD,2024-10-11 20:25:00,active
efcf4298-9f13-436b-87b4-7aa353330be7,79bf3966-35db-40d2-b9c3-feb2d952a9d7,wallet,USD,2024-10-06 04:25:00,active
7269eb61-57dc-48af-9a4e-915aa6d6ab33,ab7ba3bd-4014-41b1-8092-3a37287a627c,checking,USD,2024-06-06 15:48:00,active
6a5be407-2157-4ee0-99a3-b481754f1993,9641a17e-a770-4ee9-81f8-3892edd0c633,wallet,USD,2024-01-12 18:42:00,active
614da1fd-96e3-4242-a4f7-bef75c5c02a5,9641a17e-a770-4ee9-81f8-3892edd0c633,wallet,USD,2024-01-09 20:42:00,active
c83e2d3c-e20d-41df-a5b6-4a887ce388c2,9641a17e-a770-4ee9-81f8-3892edd0c633,wallet,USD,2024-01-10 18:42:00,active
3fb308a0-91af-4db0-91be-1da1365feb58,0f58a89e-aff6-4f98-adfb-f6e2008415d9,wallet,USD,2024-01-24 09:56:00,active
da21b1e7-0009-4e0c-ab4c-a909f8669c24,0f58a89e-aff6-4f98-adfb-f6e2008415d9,checking,GBP,2024-01-29 00:56:00,active
0ae1cf64-9ed8-428d-8937-f11aad5370ea,ca2c7818-d16c-40a3-b28e-04556ed7cc3c,wallet,USD,2024-10-01 12:32:00,active
d068c6e4-cd1b-4df9-be46-85f234c2ff8e,14cbe076-1b9b-4c7e-9115-15cee8731d74,wallet,USD,2024-04-15 23:32:00,active
73ac96c8-1163-4b4d-90c4-ac583859c4b6,14cbe076-1b9b-4c7e-9115-15cee8731d74,checking,USD,2024-04-11 16:32:00,active
b3e359c8-6011-4427-886d-2e31a077cadb,14cbe076-1b9b-4c7e-9115-15cee8731d74,checking,USD,2024-04-12 09:32:00,active
fda7004a-87ce-45f6-ba05-a46a0235461b,7a44edc3-b331-4573-a657-71d85aa1955d,savings,USD,2024-01-13 14:04:00,active
ef7276e6-f1a8-4193-a558-ed0a15938404,b9c61f67-8c7f-4ea7-ad85-5e1846f5481f,merchant,USD,2024-03-01 21:34:00,active
ee52cda7-4da8-475a-bcc3-c3007c7ec428,f2b0985a-d409-470d-9826-bba459e8babd,wallet,USD,2025-02-28 08:47:00,active
f84e1735-4702-45a4-9e54-3fbcc21f01d4,f2b0985a-d409-470d-9826-bba459e8babd,checking,USD,2025-03-02 22:47:00,active
fb5c8baf-8cfa-4309-a489-b843b9341d9c,b77087d5-fab9-497e-93b7-19dfa95f7264,checking,EUR,2024-01-29 20:50:00,active
112e2a1b-a89b-46a8-b6e8-08199e611452,0b3400f2-1d61-4d68-8557-c77cf957a8c6,wallet,USD,2024-07-17 22:40:00,active
e47de05a-a1b4-4c4e-a1c9-30aada8e3ceb,49115398-10d8-432f-8f95-2b96d30dfffb,savings,EUR,2024-11-30 15:39:00,active
b42bb897-66ed-45cb-8a05-44368cc096da,e97862ba-152b-4731-8174-a07fceb0a6b0,checking,USD,2024-09-17 08:18:00,active
f1dcd4a6-af8c-45e7-a173-640ccb3104e6,e97862ba-152b-4731-8174-a07fceb0a6b0,wallet,USD,2024-09-24 06:18:00,active
b2e22822-d909-4ce6-ae4c-037386741ed6,9bdc6a94-5cca-4204-9277-6b2ff2477c0d,wallet,USD,2024-08-21 11:25:00,active
b4b521d8-c7e1-40d6-a0b8-5446f1b99d3d,38ff235e-ba2b-4c53-ae59-ea808d1f5f6d,checking,GBP,2025-01-27 08:50:00,active
1d2dbfb5-1af4-47d5-a287-05d214bf9df0,6617e558-e769-4ee0-b620-fea4a4676ec3,checking,USD,2024-12-20 12:41:00,active
4d04ad63-7899-414c-9124-bec3788f7fad,5a45fbe8-d6b6-4ecd-b836-0514701ffb78,checking,EUR,2024-01-06 18:38:00,active
1900f560-3771-45ec-9397-b47e891cdecb,5a45fbe8-d6b6-4ecd-b836-0514701ffb78,wallet,USD,2024-01-04 23:38:00,active
580bdf02-7596-4241-bea8-7782241feee8,5895907b-cce4-4f40-bb7b-bb784a190a2f,wallet,USD,2025-01-15 03:13:00,active
a103e082-8354-429c-870a-254cb0e43e60,5895907b-cce4-4f40-bb7b-bb784a190a2f,wallet,USD,2025-01-11 12:13:00,active
c5cc24fa-e7cc-4689-906f-0364f2d923f4,5895907b-cce4-4f40-bb7b-bb784a190a2f,wallet,USD,2025-01-10 14:13:00,active
186988bb-f4d0-4b5c-9e99-328f7e9d2095,2b56095a-3692-4ace-a0e1-232a37d59b63,wallet,USD,2024-11-11 23:12:00,frozen
7d67a018-57a1-4f7e-a5fb-af8e372722bc,e702d518-5a41-40d6-85fc-fb4f6ff93025,savings,USD,2024-10-10 09:41:00,active
d745e2d0-54c6-446e-845b-9e0569aebb55,b5a61259-fea1-451a-aebc-f8d305082edd,checking,USD,2024-10-26 07:21:00,active
d8879994-bef2-4c37-802a-4e7929683263,315ff759-e918-4cec-87d4-9ac35df32c08,savings,USD,2025-04-14 14:20:00,active
d84c307e-734a-423c-9157-166de3742618,315ff759-e918-4cec-87d4-9ac35df32c08,checking,USD,2025-04-14 04:20:00,active
2e18f195-1a71-4749-ab3c-08c54459d513,315ff759-e918-4cec-87d4-9ac35df32c08,wallet,EUR,2025-04-06 11:20:00,active
92c6550b-d4f6-45d3-b6d5-84ab444aead3,01701350-f5ad-49d6-8d1d-6940205d4126,wallet,USD,2024-10-18 02:23:00,active
a5827345-53f1-4662-ae8b-1c9612dfbdeb,01701350-f5ad-49d6-8d1d-6940205d4126,wallet,USD,2024-10-26 07:23:00,active
0df4a5e1-ee90-440d-8ecc-7d71e52dd9a0,0af5b726-dc6a-4f7f-96b1-d1b339139df5,wallet,USD,2025-02-07 04:45:00,active
a612d828-88b1-4b5d-8716-121f77c782cb,0af5b726-dc6a-4f7f-96b1-d1b339139df5,wallet,USD,2025-02-11 21:45:00,active
38602271-f44c-4ee3-9b2d-5617977c53e7,bd6e4ed2-ec03-4de4-a8a8-b25422a1993a,wallet,USD,2024-06-25 15:29:00,active
d6dee586-b394-4c16-9a2d-4c98d6b3d565,bd6e4ed2-ec03-4de4-a8a8-b25422a1993a,merchant,USD,2024-06-24 03:29:00,active
7219d255-d488-4696-8e59-9b2dcd593595,bd6e4ed2-ec03-4de4-a8a8-b25422a1993a,checking,USD,2024-06-20 14:29:00,active
7eb0a054-ad7e-4390-967b-d248172437a3,1b2846a5-1c00-421b-90df-085dd16f2ba7,checking,USD,2024-02-16 17:54:00,active
c10d086f-cf3b-425c-9c4d-a7bbe0810acc,bfca942c-bd9b-47bd-a9ec-da16f767956e,checking,GBP,2024-11-19 14:46:00,active
3c5ae818-056e-46f3-a9d2-c0f4821c5032,3b640609-1c69-49f7-bf94-3294fb2a38c4,savings,EUR,2024-10-29 15:49:00,active
bb2895c4-0b2c-40f6-80d2-fb22cdb679ef,3b640609-1c69-49f7-bf94-3294fb2a38c4,wallet,USD,2024-10-30 20:49:00,active
d4bdae00-df00-4841-aefe-abc6308fd23a,3b640609-1c69-49f7-bf94-3294fb2a38c4,wallet,USD,2024-10-25 19:49:00,active
edc13647-6dbf-4724-95cc-7c0e83834ed9,3a98387f-e821-4c9c-8222-9ad821f43dd3,checking,USD,2024-09-06 15:49:00,active
c9dae41a-04a7-491b-99e6-69b9af35b00b,3a98387f-e821-4c9c-8222-9ad821f43dd3,wallet,USD,2024-09-06 06:49:00,active
3d8bb577-68cd-45b4-855e-5a8766e7e915,c9d7b9cf-39c9-475b-8593-bc9008ca86d0,checking,USD,2024-06-01 14:29:00,active
456df210-9bb2-4752-8921-799bb1b58813,c9d7b9cf-39c9-475b-8593-bc9008ca86d0,checking,USD,2024-06-02 00:29:00,active
e2677f78-7d15-46d8-8332-ef1561c305f8,64d8d134-4b09-4475-9687-2b2f11abc2db,checking,USD,2025-03-17 07:43:00,active
0b992016-fcd7-4f35-a358-3d11758fe4f3,12af3da0-1816-4abf-ad4b-ab99c4545098,savings,USD,2024-10-17 15:55:00,frozen
8ffca01c-2d17-43ce-a628-28fecb0edbc6,12af3da0-1816-4abf-ad4b-ab99c4545098,checking,USD,2024-10-26 14:55:00,active
d3436a5e-f0ff-4785-9f79-2a078ed8148f,bf1b5789-ca2c-4f77-80e0-9af8756cf725,merchant,USD,2024-05-02 02:14:00,active
fb945317-4b21-4b77-9275-891180a13b44,fb226e2d-2a79-483b-91a9-49466d49b58f,merchant,USD,2025-02-15 06:24:00,active
fead7e6e-3945-42f2-a4ff-886479b0f9b4,33b8d78c-2eea-4f7e-819d-9d4d9932a096,checking,USD,2024-02-26 20:33:00,active
2b079d10-0613-401f-b892-b6681a4ae911,33b8d78c-2eea-4f7e-819d-9d4d9932a096,savings,USD,2024-03-02 14:33:00,active
4a816155-b7ff-4518-81b7-92139fde8abb,1a01346e-27d8-4c1c-9f5e-e674ca4e28ae,checking,GBP,2024-04-06 17:41:00,active
a51e81b1-37e4-484f-b141-4aa217530173,5886a295-335a-4d0c-9432-9483ccc412c3,wallet,USD,2024-07-19 04:33:00,frozen
bf2d3f3f-6b83-4afc-a89b-21bdd9a279f1,5886a295-335a-4d0c-9432-9483ccc412c3,savings,USD,2024-07-13 00:33:00,active
8f7c2219-b08a-4b6f-852b-a0ef33dbe679,5886a295-335a-4d0c-9432-9483ccc412c3,wallet,USD,2024-07-17 20:33:00,active
111144d9-743f-4a16-8d75-3d386a0b7355,3378c112-014b-458b-a786-7d74d6d7dffe,checking,EUR,2024-09-15 04:28:00,active
c39bde9e-8114-42eb-9d1e-f281af7c6391,905021ff-ab20-4d29-9d8a-384bc434dd48,wallet,USD,2024-03-25 05:38:00,active
147ee216-c2ca-4bd9-9371-ac001ad5ff42,905021ff-ab20-4d29-9d8a-384bc434dd48,merchant,EUR,2024-03-29 14:38:00,active
54ecabb2-25a9-4b1f-b614-6b2d998855d7,082f359f-be6b-44c8-9405-31010843ed66,savings,USD,2024-03-04 01:43:00,active
36d58dd0-9af5-49b5-a0b8-f6505e2fa6fb,669f9d3d-750c-4545-a2a3-989f5b8735cf,checking,USD,2024-05-05 14:08:00,active
88449ae9-e928-41ce-8e42-c21c4f61a984,7b749dff-762c-473b-87af-f37ef2ce4651,wallet,USD,2024-03-23 02:10:00,active
2a9a8a48-9417-46d7-963a-50c924e21cc0,7b749dff-762c-473b-87af-f37ef2ce4651,merchant,USD,2024-03-23 19:10:00,active
e9a973fc-5e19-4020-800b-ebb14f517931,db1b4fec-5e06-4d9a-957e-0107265d5275,wallet,USD,2024-11-24 10:56:00,active
bcbf3cd0-b72c-4f46-99ef-4fe73ec76e0d,0f68ab65-bab2-443e-a72c-4edf9c8a5266,checking,USD,2024-11-08 16:55:00,active
54680d3a-7361-48ba-b426-b0986649a104,f89df351-5f40-48bf-ab5a-62dc25f7525f,savings,USD,2025-02-24 19:39:00,active
d2a53f1f-19dc-4497-8ab4-e4c1dd0aab8d,f89df351-5f40-48bf-ab5a-62dc25f7525f,wallet,USD,2025-03-05 04:39:00,active
143a368c-ada7-4cbb-980b-829f765af262,0ea0aba8-f1e7-4c7d-b557-5c2c5e574ded,savings,USD,2024-11-11 07:04:00,active
5af2dd43-08b0-4106-8ea0-74a5343a82b3,bcdab201-6a25-4e08-a0aa-b8e2a17f197e,wallet,GBP,2024-09-23 01:26:00,active
f642a636-d466-4f40-8150-35092764c1be,94b4d6c2-acf7-4a86-980c-df27d23e2530,checking,EUR,2024-11-08 17:56:00,active
66a7a357-e642-40fd-ab70-f5f5f193910e,3c290588-4e63-41f6-b02a-81421101f141,wallet,USD,2024-03-08 20:34:00,active
43d39877-c8dc-4829-ac56-0ecfb24907f5,3c290588-4e63-41f6-b02a-81421101f141,wallet,EUR,2024-03-14 04:34:00,active
ca6d8d4a-7248-4b8a-8d64-d51067a4d63c,cc104268-ef06-43e5-80bd-3a7feaf34708,checking,USD,2024-09-27 08:23:00,active
aefedfc5-e9fd-4830-9a5b-00e1b3915c99,cc104268-ef06-43e5-80bd-3a7feaf34708,wallet,USD,2024-10-03 15:23:00,closed
b8ce56bd-0c6f-4dcd-a2be-04aabe9fb1ca,27a8e051-818e-470b-b0c6-33d27e78db66,checking,USD,2024-09-04 13:22:00,active
82f3a87b-09c1-45dd-85f6-16e5c0224e0b,27a8e051-818e-470b-b0c6-33d27e78db66,checking,USD,2024-09-09 12:22:00,active
9c838a37-6347-4986-8831-947edc2f6dd1,27a8e051-818e-470b-b0c6-33d27e78db66,savings,GBP,2024-09-09 04:22:00,active
0a4977ef-8284-456c-b05b-e1dd89b821a4,b073fb46-0a7c-43c3-9b06-b99dd3d873e1,wallet,GBP,2025-02-02 20:58:00,active
a4e0507f-d9d2-4d13-b685-26e279c03a93,b073fb46-0a7c-43c3-9b06-b99dd3d873e1,merchant,USD,2025-01-27 22:58:00,active
aa5bae4e-72de-4c2e-bd3b-8465fcad24a1,58af8cd4-6367-4fb2-b9c5-c3379e835955,checking,GBP,2024-04-06 23:45:00,active
a0697ffe-f698-443e-984c-ebc72d05c1c9,1e92fbfb-b31a-4e1a-b970-680312fe7df5,wallet,GBP,2024-12-08 15:44:00,frozen
14d4d1ef-8d26-4ef6-af05-7b50ed06c577,1e92fbfb-b31a-4e1a-b970-680312fe7df5,checking,USD,2024-12-10 04:44:00,closed
b9d0017a-866b-416a-a8cc-f462c1a5148c,0d8e85e0-3fa3-4c5f-ad19-62782945161d,wallet,EUR,2024-10-27 01:16:00,active
3608b0fb-9ad8-4edf-9d86-7a9123ffe9d9,0d8e85e0-3fa3-4c5f-ad19-62782945161d,checking,USD,2024-11-03 13:16:00,active
360d1ce2-f632-4cb0-bca1-d70b4c36511e,0d8e85e0-3fa3-4c5f-ad19-62782945161d,checking,USD,2024-10-28 01:16:00,active
f6d4cef5-d40d-47f8-b63f-aed9bd5c0965,a5db4696-ecf5-472b-8ddf-5a32187f7ce6,checking,USD,2024-12-21 18:48:00,active
354ca420-3d4f-40fd-829f-d4677d9918b1,4c3a6ea8-5180-4f8c-aa85-41cc33531a06,savings,EUR,2024-10-14 09:16:00,active
1c20db54-2ca1-43a6-bc4d-301cc7455303,94a145f8-ccd5-4f68-a2de-cf3ea7fd663d,savings,EUR,2024-03-17 21:07:00,active
aee44680-2ee7-4a8b-be1e-2166f925b1eb,c7e9f78e-358b-4716-909d-cc8b96957833,wallet,USD,2024-09-22 23:50:00,active
3150a114-eba5-4b15-8acb-4ce6200896d8,3cf990ce-b12c-4e4f-bcb4-68b5376534cf,wallet,USD,2024-07-23 17:00:00,active
d95b13ff-5577-480e-a2ba-ffb8e60b9b2c,3cf990ce-b12c-4e4f-bcb4-68b5376534cf,checking,USD,2024-07-25 17:00:00,closed
75647a2b-31d8-4325-abdb-6a894092ac0c,97502968-2a52-47d1-aaeb-93125323a3ac,checking,USD,2024-02-16 00:16:00,active
e3142de7-4f63-4e17-bf8b-11fa3c8d6a4e,9ccf8255-3e77-4a35-abd1-7bb0bdd58408,checking,USD,2024-08-02 03:41:00,active
2a4f08cd-9ef4-4b22-8636-a54f49c4dbe3,16a8a433-9f9b-4740-a1e8-a8b7a08ccd1d,wallet,SGD,2024-09-11 01:00:00,active
2195225f-e670-4251-a8c7-bc1fd12bdecd,16a8a433-9f9b-4740-a1e8-a8b7a08ccd1d,checking,USD,2024-09-11 12:00:00,active
ec55bcfc-43c0-4a71-9bac-877e4d52fe40,12d70af7-cfe9-455c-8403-62195b7601ad,checking,USD,2025-02-13 02:32:00,active
91b64bb3-f0fd-40e3-adc3-bc6ad26dec14,27298491-e94e-41a2-b2e4-f8e46af7ff2d,checking,USD,2024-12-08 08:10:00,active
775ac02f-d229-429c-8498-5c6ca577a85e,27298491-e94e-41a2-b2e4-f8e46af7ff2d,checking,USD,2024-12-07 03:10:00,active
0c5fccd8-5711-4e9b-a211-dd5906deccd7,27298491-e94e-41a2-b2e4-f8e46af7ff2d,wallet,EUR,2024-12-10 21:10:00,frozen
00ea2277-6010-47a4-bf1e-4118f17c27b1,bb19b2f9-d70e-4bf4-8a36-3db5c03b0e7e,wallet,GBP,2024-11-04 21:33:00,active
5eadc6c6-3622-4a94-9712-59f1ec0edb52,f6f64f8f-f7f5-44ca-b82f-faf21064451d,checking,GBP,2024-10-17 11:22:00,active
40ba20df-7eaf-49c1-8fc3-b5b8c27fe0f0,f6f64f8f-f7f5-44ca-b82f-faf21064451d,wallet,USD,2024-10-23 16:22:00,active
1ab01acd-080d-43fa-8924-22ac73f09125,f6f64f8f-f7f5-44ca-b82f-faf21064451d,merchant,USD,2024-10-14 22:22:00,active
a49335eb-6fc8-4d3f-9082-61a85ae5d16b,a90feb5e-d3ec-4cca-b10d-7b77414be985,merchant,USD,2024-08-02 23:00:00,active
18f5f849-d50d-4dd7-9ff5-d75b3ee0351f,f5defe5f-107b-47ee-85b3-8a1040cdf377,wallet,EUR,2024-06-23 20:51:00,closed
7d71864d-10e5-415c-a297-e027449b15c3,878b51ea-7442-4a3a-b772-43340ac786b2,wallet,USD,2024-12-23 03:24:00,active
81c01013-5dce-419d-a04d-e5979d2922a4,878b51ea-7442-4a3a-b772-43340ac786b2,savings,USD,2024-12-28 04:24:00,active
e06e8660-2b76-43f9-9496-8c633677f5b0,d037d244-8b46-43be-8a0b-7903bbe825bb,checking,USD,2024-08-30 14:55:00,active
baad5417-c4c5-49a4-af4e-040121ecee1c,d037d244-8b46-43be-8a0b-7903bbe825bb,checking,USD,2024-08-28 19:55:00,active
ada80c1c-c1b6-4275-a53a-9422c909843c,b919a80f-f6f4-4b37-8291-99e23f986ae2,checking,USD,2024-04-23 18:44:00,active
f4558dc1-0dc2-43b4-a534-4b5fcaf74a96,f5347416-e85b-4328-bc9d-63993e5673e0,savings,GBP,2025-01-03 08:15:00,active
730b6c92-a894-4108-8a8b-1f643858e391,ee9b5478-9a1d-4093-bea3-b9bc84437e29,merchant,GBP,2024-04-10 14:20:00,active
8ef8374a-dfb4-4b4c-9e9d-9bbaee1249a8,ee9b5478-9a1d-4093-bea3-b9bc84437e29,checking,USD,2024-04-09 16:20:00,active
b958b18e-ef23-4f01-97c3-89ccc45f2e99,ee9b5478-9a1d-4093-bea3-b9bc84437e29,wallet,USD,2024-04-09 17:20:00,frozen
b1af369d-8f3b-476d-8dd8-40839b6d7441,cc4c512e-65b9-4300-a98c-f2ae7ca928ad,savings,USD,2024-04-15 15:47:00,frozen
391be1b3-5dde-4a45-932b-7d8b7499bc36,cc4c512e-65b9-4300-a98c-f2ae7ca928ad,checking,SGD,2024-04-13 15:47:00,active
730c7954-b392-4ba8-8a5e-863745aaf86c,4b7eb9a0-563a-4651-a4f1-9528db4f668d,wallet,USD,2024-05-09 20:22:00,closed
ad7758f5-279a-446b-af3f-58acb0fa1c33,4b7eb9a0-563a-4651-a4f1-9528db4f668d,wallet,SGD,2024-05-10 15:22:00,active
082fd849-aac0-4977-ba71-4e2396528a45,a900ba03-8b36-492e-88b4-3a771a38e9aa,savings,GBP,2024-09-11 00:00:00,closed
87b69afb-0bed-49b5-8493-178ebb6495f1,49706957-289b-4bea-8e05-ae9942a639ab,checking,USD,2024-06-11 08:57:00,active
8e472ea5-8213-48ef-8ddd-beb536dcbfcb,49706957-289b-4bea-8e05-ae9942a639ab,checking,USD,2024-06-19 07:57:00,active
c3835879-b5b3-494d-90c5-a339aa46df3a,b417e4b0-8a22-4cf8-afd2-d345e05f56ab,checking,USD,2025-02-03 01:17:00,active
a74f6105-d9f7-4ad8-87a3-e47401dfeee0,b417e4b0-8a22-4cf8-afd2-d345e05f56ab,checking,USD,2025-01-31 22:17:00,active
f10629c0-330e-43cb-affc-08d4a887b2fa,ab31219b-4f64-47e6-b8b3-83fc71d9b698,checking,USD,2024-10-10 04:32:00,active
b486919e-b713-49bf-89c4-6ff967b02f5e,f98022fa-8d43-402e-a0bd-d7b4c78d84d9,checking,GBP,2024-09-25 20:20:00,active
c6e4a058-3099-40cb-9a54-944fc39c113f,60a94bc8-b21d-4b7d-ba1d-cd70ddfb086d,merchant,USD,2024-07-07 21:55:00,active
83277f19-035c-4617-9b97-11f6fb3fe039,60a94bc8-b21d-4b7d-ba1d-cd70ddfb086d,checking,EUR,2024-07-06 11:55:00,active
d6118ea9-f89c-4e70-84b7-9f921dff1986,ff62e1d8-0343-4187-b298-5a238efda65a,savings,USD,2024-06-27 06:11:00,active
382c4dcf-ddee-44d1-bda7-a87d7cc9b858,e7961f6e-0bbf-48b2-a7b6-2db89f9a00e0,wallet,EUR,2024-07-30 20:28:00,active
bb3129b1-31b7-4bab-ad53-637bc1f13b2e,c4b5cf22-2916-4eb0-8c5f-97a4f2052fd1,checking,GBP,2025-01-07 10:51:00,closed
8d5ffc72-3a27-4dab-abf8-ce9e7e3c186e,c4b5cf22-2916-4eb0-8c5f-97a4f2052fd1,checking,EUR,2025-01-13 17:51:00,active
5b083ad0-1b1b-43cf-a359-b6403c1af644,862993e3-9819-40d2-b0a8-7596199c5d91,wallet,USD,2025-01-14 07:30:00,active
80d831a4-4595-4851-a0c3-b847ec9f54d6,862993e3-9819-40d2-b0a8-7596199c5d91,checking,USD,2025-01-15 16:30:00,active
714c8d0f-c811-47a6-949f-247ac1169c6e,532aac98-f916-4f05-af7f-ba56dedd7490,savings,USD,2025-03-18 00:33:00,active
9cf5cae2-609d-4b97-b64e-a60a2de172e0,4347d767-717a-41fe-b21a-006a6072d7b3,checking,USD,2024-10-21 05:25:00,active
231fa656-c8be-4997-8c54-07f51c04a5ab,78760d38-0716-43eb-a05d-005b4602dc7b,wallet,USD,2024-11-21 14:28:00,active
6e1bc55f-f9d8-4489-b1c2-910902c44da0,8c15e6b3-db9f-4469-a63e-78638b25489f,checking,GBP,2024-05-21 12:01:00,active
3842558d-eb79-4991-8b64-c3fedecd70e4,713b2838-38ce-4e0e-b179-e8eac3218d35,checking,USD,2024-10-29 19:41:00,active
d8ee9b5c-adf5-482a-802a-85bd688e98e7,cef8ad25-66c3-435b-bb35-7e859bd5b939,wallet,USD,2025-01-15 05:56:00,active
0d077a7b-e3fa-4e57-994b-768477552491,2a9520f8-5ea4-45e3-8181-834105603b8c,wallet,USD,2024-04-04 07:51:00,closed
2a2f94a8-b1f0-40a4-9675-b4227cf1217c,2a9520f8-5ea4-45e3-8181-834105603b8c,checking,USD,2024-04-06 03:51:00,closed
edda73d6-43c1-4495-9f41-55db7fbba336,61a5df9a-80bb-4fce-ad62-afb48ab2ecfd,merchant,USD,2024-02-14 05:10:00,active
ada7789e-f244-44d3-b1a2-6d4360e5aa22,61a5df9a-80bb-4fce-ad62-afb48ab2ecfd,wallet,EUR,2024-02-12 01:10:00,active
bf00b041-44fe-4329-89e6-6b3e8846d8f9,460705b5-4b1f-4609-bae4-a1127e2bba0b,wallet,USD,2024-11-30 05:17:00,active
8e834653-a5b8-4489-9e16-4cdcc5119142,460705b5-4b1f-4609-bae4-a1127e2bba0b,savings,USD,2024-11-29 10:17:00,active
46c291dc-6575-4e3b-87fa-2b0b2d178522,ff7fa10b-601c-4a90-8cb2-c6bb56ff832c,merchant,USD,2024-09-27 06:26:00,active
16eef2ec-a667-4b63-8b27-b9fde90fcbae,ff7fa10b-601c-4a90-8cb2-c6bb56ff832c,checking,USD,2024-10-01 17:26:00,closed
6ffbb4c6-821f-46b2-a1b1-03a1f55c90d0,97fa38ae-4fac-4e9b-85a3-783dfe584387,checking,USD,2025-01-17 01:47:00,frozen
0835e2bc-c44e-4ef3-97a0-7556926b5972,230a9fa5-d20f-49f6-9ede-1a73d357b991,wallet,USD,2024-09-04 12:03:00,active
be01212b-995d-4014-8467-3353e8acbfd0,230a9fa5-d20f-49f6-9ede-1a73d357b991,savings,SGD,2024-09-09 21:03:00,active
12da44ba-8d4f-4d67-96c7-2767ba4f26f9,78300d00-cf4f-4242-a447-e402a4ef6e43,checking,USD,2024-11-13 23:05:00,active
d3cb42be-20de-40c7-9930-49fd3e944b79,78300d00-cf4f-4242-a447-e402a4ef6e43,savings,USD,2024-11-13 18:05:00,active
9a0e590f-5291-46ad-828b-91c94bdec327,962e4aa1-e8a9-4c75-9ac0-e3bae40f9cb1,merchant,USD,2024-11-23 05:08:00,active
da9992d0-9b26-41e1-a11b-638c0fcc1ee6,c51ebbca-3c49-48d6-971d-8efe49deeea3,checking,USD,2024-06-17 17:29:00,active
8fdd40b4-03dc-414b-bd21-5897f23dc4e2,f275f3dd-6aa1-428a-85b6-33e49fe27ccf,wallet,GBP,2024-12-31 23:11:00,active
27f5fa89-77aa-4a84-87eb-25c5fd83efd7,c56f83bc-139f-4d25-867d-741ff0f57883,savings,USD,2024-09-27 22:40:00,closed
93567ce4-1dc5-4de9-942d-6a8eec34784e,c56f83bc-139f-4d25-867d-741ff0f57883,checking,EUR,2024-10-05 23:40:00,active
d4655c2a-36d6-4fe3-9480-899e66748bfc,c56f83bc-139f-4d25-867d-741ff0f57883,wallet,USD,2024-10-03 14:40:00,active
b85cadc4-8bcb-45cb-a69a-5901e6a27ec4,5890a161-9903-4794-908b-881b626a1e50,checking,GBP,2024-06-16 08:26:00,active
6375a134-4b93-4d9c-9049-03218b0a654e,5890a161-9903-4794-908b-881b626a1e50,wallet,USD,2024-06-14 11:26:00,active
2888d06a-abe7-4fe9-97ea-32dd41162903,8a691acb-373a-40ef-9407-11c5b66c7570,checking,USD,2024-03-15 03:18:00,active
74e02669-8b97-4047-a031-b0d5a3ec69ba,8a691acb-373a-40ef-9407-11c5b66c7570,wallet,USD,2024-03-18 20:18:00,active
be56612f-6876-4434-9e11-a3a0e774e92f,b791d92d-ffe5-41f8-9426-d710f894fd39,checking,EUR,2024-06-12 02:49:00,active
37aab8b7-bc18-412f-a2bf-6977ee7b5f3e,1a2e0ea3-1de8-4fb4-bdc2-2d60d3d7668b,checking,USD,2024-04-13 04:56:00,active
f9ad35e9-f735-4b81-851c-792aa60d69e7,df129e44-cd3d-42cd-bf6a-63cda85c50c3,checking,USD,2025-03-06 06:14:00,active
f97bfc86-b11c-47d0-a1e3-978efc2a20c0,df129e44-cd3d-42cd-bf6a-63cda85c50c3,checking,EUR,2025-03-03 07:14:00,active
a254c61a-d670-4670-b2ba-874ddd23b9be,0d77244d-cb46-438e-a7d5-07bf5d663b31,wallet,GBP,2024-11-16 10:43:00,active
76b11bdd-fe2d-49cd-84af-a09d76e65d1d,6b6e44d1-6f68-42c1-a51a-b576c7f403eb,checking,USD,2025-03-20 11:11:00,active
f5ff8972-ee1a-4929-9bea-b8affe432023,6b6e44d1-6f68-42c1-a51a-b576c7f403eb,checking,EUR,2025-03-20 06:11:00,active
f1fbee41-c8c9-4414-a0a6-92f2b9850db9,6b6e44d1-6f68-42c1-a51a-b576c7f403eb,wallet,USD,2025-03-15 09:11:00,active
fb6b8f0b-3458-4b64-8170-304155f3a409,b5632cde-dab3-4d79-8f2b-168b1c4f3791,checking,USD,2024-11-16 05:12:00,active
13fc8e42-918f-43a3-b1f4-b2f33dd5069c,b5632cde-dab3-4d79-8f2b-168b1c4f3791,wallet,USD,2024-11-16 18:12:00,active
574f4571-f5d4-4439-a950-d7addf3371cf,dbbbf157-d372-4ea8-b356-9f91e423d709,merchant,USD,2024-03-03 13:17:00,active
5e9d9865-4c8f-425f-bd3f-a3505083db92,dbbbf157-d372-4ea8-b356-9f91e423d709,checking,USD,2024-02-28 14:17:00,active
18ffef5d-e4c9-43b8-be84-9f012689c18f,dbbbf157-d372-4ea8-b356-9f91e423d709,savings,USD,2024-03-03 08:17:00,active
9de3baf2-38b5-4e7d-a6a5-02cb064649df,630c0c41-dfc8-4ccf-b6ca-ff7946180e97,wallet,USD,2024-09-14 19:21:00,active
95840a54-01c0-4d9f-b495-f54dbdb04e6b,630c0c41-dfc8-4ccf-b6ca-ff7946180e97,checking,USD,2024-09-15 16:21:00,active
4f3d6258-3fea-4634-b475-e59b54416445,630c0c41-dfc8-4ccf-b6ca-ff7946180e97,wallet,USD,2024-09-14 10:21:00,active
0047746f-e242-4a3b-a9c1-f3fcd0c72aae,8c1691d5-de48-4c1b-9937-84461c474e5f,wallet,EUR,2024-06-23 03:53:00,active
8982c25c-0407-4615-a5aa-bac335509a72,7712e278-bf37-416b-91e6-7e273a86ed41,checking,USD,2024-08-31 12:12:00,active
dee456bd-6bac-46ab-a1af-693d1cdc1a5b,03c3c64b-3506-4cc0-95ce-3aec0e14a932,checking,USD,2025-02-06 17:15:00,active
3445f665-aae3-407b-a31d-71efc4892c7a,d708d199-b88b-4d5d-8bc4-8e9b29b5dd69,checking,USD,2025-01-16 07:33:00,active
35b05b5e-fc65-4a7e-9f76-43e4d56e4c2e,803f1234-4b35-4ef6-bc0f-392c2637e17a,savings,USD,2024-06-17 21:40:00,active
83f1cd40-6ecd-4939-b77a-d8ea1b180174,438f80ec-a2c1-48f7-9d09-655bc710937e,checking,USD,2024-04-17 08:56:00,active
61c2d2a1-df19-451b-a758-2fc660dab52a,2e2293a8-ac1a-4ac7-b7ef-e4c4950ac598,wallet,EUR,2024-06-15 17:10:00,closed
9d640bf7-0f78-42c9-b274-ae01bf5a0cc0,2e2293a8-ac1a-4ac7-b7ef-e4c4950ac598,wallet,USD,2024-06-21 14:10:00,active
21690fd3-2158-4f3b-b297-b7306606ebb0,deebe4af-26aa-465f-9d3e-3c6431ab82e7,wallet,USD,2024-01-24 16:50:00,active
942d3391-1291-400c-8a89-75a8798e4963,deebe4af-26aa-465f-9d3e-3c6431ab82e7,checking,USD,2024-01-24 11:50:00,active
db943cb0-80da-47fc-887c-5ce02b962643,deebe4af-26aa-465f-9d3e-3c6431ab82e7,savings,GBP,2024-02-01 05:50:00,active
e97c3878-6023-46fa-8b1e-cf9b353d9e5a,f1b9af6f-6c84-4f66-9adf-ede859309c8e,wallet,USD,2024-03-28 11:05:00,active
c1e32379-b43c-49c8-bbb9-fd7b093b76f8,142d3962-2b13-4746-bf1f-9db5d25b9c85,checking,USD,2024-02-04 20:41:00,active
fc971fc8-515c-4729-940e-9f0afd892b24,bf1269cd-29b4-4050-936a-5ac5e13d0fbd,checking,USD,2024-10-15 02:48:00,active
8b28ddcb-1813-4510-8f03-7fefbc63cf69,bc5ef8a5-e652-42d5-8a5f-8cfb00d5523b,savings,USD,2025-01-10 17:16:00,active
730e1657-2131-43a3-9d9a-6e9da598931a,bc5ef8a5-e652-42d5-8a5f-8cfb00d5523b,checking,USD,2025-01-10 15:16:00,active
3ac85b09-df50-42cc-b094-6a12aa7b0b0f,182492f3-a69d-44bb-bdee-8539dbb13876,merchant,GBP,2024-12-31 02:12:00,active
0f09ac01-4543-4c1d-a97f-0b68c84e071e,822f2303-1449-4733-a00b-9b912d10a010,checking,USD,2025-03-03 08:58:00,active
20f7d526-2643-45f3-81fb-33187bd71e95,822f2303-1449-4733-a00b-9b912d10a010,merchant,USD,2025-03-05 19:58:00,active
5418802f-7104-4aa6-b4a4-5ce4487c56cb,822f2303-1449-4733-a00b-9b912d10a010,wallet,EUR,2025-03-07 06:58:00,active
a4573260-05ae-4b59-9d29-093486325b1d,0616503a-075b-4f60-9704-31126aac4fe7,wallet,USD,2025-02-23 23:34:00,active
b1fe6a55-ebc9-4555-8ce8-5f4ad081bba5,0616503a-075b-4f60-9704-31126aac4fe7,wallet,GBP,2025-03-04 00:34:00,active
850b1bb5-c4d6-4830-a115-d246b1cd24ca,0616503a-075b-4f60-9704-31126aac4fe7,wallet,USD,2025-03-02 20:34:00,active
1d316da0-cf0e-43ca-8f3a-138f3be385cf,58964a63-81e7-41c3-a381-d216f8439655,wallet,USD,2025-04-07 01:39:00,active
d9c2ed3c-2613-4f70-85f2-4f980320ce93,c1ba61ba-d647-4435-adfa-0a028cf4ddd7,checking,USD,2024-12-04 12:52:00,active
bef3d87c-7652-4002-add4-c4dc6fc2d236,72b70cbb-93fc-4916-b780-30f5125def15,wallet,USD,2024-05-26 22:26:00,active
d4ae4cb1-d4c0-427d-8fcf-c06ca3295f31,28447c0c-5b08-497d-a644-3d532813788f,merchant,USD,2024-03-08 22:55:00,active
e9ebcda6-20e3-4bf8-8eae-a47ba2e0242e,4cad5e50-7c5f-4f07-8e7a-e7298802da60,wallet,EUR,2025-03-05 19:42:00,active
08cc312c-1ce9-4765-aa40-a450f0f38ce7,a7fe91df-fb97-42fa-9121-55f45dc1b185,checking,EUR,2024-11-07 22:04:00,active
949301f8-5385-4b15-a317-6e1b55aec7a4,65eb93da-20a7-4c6f-b97c-68e5e442b99b,checking,USD,2024-08-29 20:03:00,active
8a272fbf-b5b4-4fa8-bd03-0c4e7712571d,9939a6c1-905d-4321-9f2f-cab09afd4dd2,wallet,USD,2024-11-13 09:33:00,frozen
e17e54d4-47f7-4444-b373-a4fb725acac4,6b3d1448-d9e7-4dae-8afa-ba08734cdc4a,checking,USD,2024-10-02 11:06:00,active
cbdf2320-40f5-440f-96b7-15c7c3963a7a,36587048-b2bc-4bb2-bd7a-c2230e0f3787,savings,USD,2024-10-24 12:11:00,active
5c6dc140-7715-4a93-b82b-246b0c9a45bb,36587048-b2bc-4bb2-bd7a-c2230e0f3787,wallet,USD,2024-10-22 09:11:00,active
588bc509-b08b-4769-b0e1-7cf83c8b215e,f9e6a6e4-d165-4da5-8376-d14ea8cdc262,wallet,USD,2024-07-11 04:29:00,active
e18e9e38-bb30-41c5-9b10-525384f2f80b,f9e6a6e4-d165-4da5-8376-d14ea8cdc262,savings,USD,2024-07-04 14:29:00,active
dae3c474-58ae-4c1d-af5a-42a94329505a,11357fd3-cdff-42f9-8206-ea281ebf8e67,savings,USD,2024-07-30 09:21:00,active
28835043-574b-4504-b472-9b165e56711d,11357fd3-cdff-42f9-8206-ea281ebf8e67,savings,USD,2024-07-25 03:21:00,active
12f93057-fa74-4aa3-9331-e327a59df07f,11357fd3-cdff-42f9-8206-ea281ebf8e67,wallet,GBP,2024-07-26 00:21:00,active
62ed2418-38d9-4bf1-a162-0debb93caed8,cecd8cbd-f91b-42a7-8fd4-fc9dbbcfd2e4,checking,USD,2024-06-14 08:20:00,active
f83afb1d-a20d-4446-841e-0f68789dbce7,cecd8cbd-f91b-42a7-8fd4-fc9dbbcfd2e4,wallet,USD,2024-06-14 06:20:00,active
b3e32c9a-ebed-40eb-b060-bb49a2c9641c,d2e28c98-8c73-4cbe-b981-9d2a59f65643,checking,USD,2024-06-20 03:15:00,active
b57fcbc8-153a-467c-bd0d-29d8a3adab93,9c3a6f8d-be7e-41f0-bb1c-450eec7195f2,checking,USD,2024-07-06 21:28:00,active
235816b7-f2ce-4b09-b7ea-7e3a27e679c9,2b5dc05c-e14b-4259-9769-c315eaf1cd8c,wallet,USD,2024-01-10 04:08:00,closed
802643ca-87ab-418a-8c22-df2c575cd437,2b5dc05c-e14b-4259-9769-c315eaf1cd8c,wallet,GBP,2024-01-18 03:08:00,active
e704fb31-21b0-44aa-a311-a7f795b71778,2b5dc05c-e14b-4259-9769-c315eaf1cd8c,checking,USD,2024-01-10 06:08:00,active
425f1824-de90-467b-958b-4d7d999199b7,c7b9a325-2056-449a-b232-92297a33b70c,checking,USD,2025-03-21 14:01:00,active
3268caae-5b8a-43ee-93f5-234d72914dcd,0df37d2c-2153-46f2-8211-8256758b0955,wallet,USD,2024-10-26 01:09:00,active
c6e2c755-d9ae-4a78-8580-6ffe0cabd038,aa2e8ce8-196f-452b-a18f-abe37ef4379e,wallet,USD,2024-10-27 03:14:00,active
b9249304-cd6d-4118-8fe3-d27973ecd577,aa2e8ce8-196f-452b-a18f-abe37ef4379e,savings,USD,2024-11-03 13:14:00,active
c8f2227c-5d36-46fa-b7b9-fbb0b7b5ded6,aa2e8ce8-196f-452b-a18f-abe37ef4379e,checking,EUR,2024-10-28 07:14:00,active
e6b0b689-8c62-4ca4-a6a1-f1b404544a3a,187c5846-9a9a-46be-9074-a23ab7949734,savings,USD,2025-01-17 18:46:00,active
d5adf245-5909-4dd8-9e09-07b5cf2cdeea,187c5846-9a9a-46be-9074-a23ab7949734,checking,USD,2025-01-17 18:46:00,active
08fe8ff3-7516-4032-a383-ec4a032cf9e1,2d821e68-719c-4f7b-ba91-7336fdb81409,wallet,USD,2024-10-29 09:38:00,active
8fe6cf8c-e71a-4820-a3b7-9a50cfce5517,2d821e68-719c-4f7b-ba91-7336fdb81409,wallet,USD,2024-10-28 09:38:00,active
0309834c-3928-432f-af04-f3f38d028ffd,b0575303-303e-46cd-8d4f-06fb9ed54173,checking,USD,2024-02-06 05:22:00,active
049cf828-ea16-4b1b-80d4-79a24d2a9dad,b0575303-303e-46cd-8d4f-06fb9ed54173,checking,USD,2024-02-04 07:22:00,active
b6af06db-a201-49ca-8884-b470c76ff217,b0575303-303e-46cd-8d4f-06fb9ed54173,checking,USD,2024-01-30 23:22:00,active
7cd8d6a1-1d69-4a2f-be82-5ca1a1dc2435,8d9f6dd5-8dc2-4580-99b4-1001b8b93c46,checking,EUR,2025-02-03 19:47:00,active
47d97045-c2f5-4112-abcc-1b4db7cf5083,15c290d1-7c7f-4258-a066-ecca3fd2e01c,checking,USD,2024-01-29 23:33:00,active
c3659c72-748c-4a9d-a877-b8c6e88469da,15c290d1-7c7f-4258-a066-ecca3fd2e01c,checking,GBP,2024-02-04 22:33:00,active
9ea3c8d0-f7b8-4f5b-9930-e313b5e56ae4,15c290d1-7c7f-4258-a066-ecca3fd2e01c,checking,GBP,2024-02-03 17:33:00,active
da217931-d9c6-4248-92d0-b7e578307596,f0601ee7-96b2-481e-82f5-a62152b02009,wallet,USD,2024-03-25 22:43:00,closed
c1e3f2dc-0a95-49d4-988e-0f64b0844726,6f5f893c-6c60-4d0a-82a6-c51f049fadcc,wallet,USD,2024-02-18 20:27:00,frozen
eedc570e-8ac8-4b13-b4d0-6635e722665f,b92d4a95-3f8f-4734-ad58-e5b32188ca2b,wallet,EUR,2025-01-17 19:35:00,active
00f20a87-4a1d-40e8-bc2e-44948e626429,b92d4a95-3f8f-4734-ad58-e5b32188ca2b,wallet,USD,2025-01-19 18:35:00,active
0e9e9136-5e87-425a-b292-e46a68f38019,b92d4a95-3f8f-4734-ad58-e5b32188ca2b,checking,USD,2025-01-16 10:35:00,active
2dbc30de-439c-4ca5-a87b-d855610ae897,f753404c-71b6-4b94-bb5e-832e9ad52699,wallet,USD,2025-01-29 00:30:00,active
18a4dcdd-b0ae-44b5-8989-3e2e20bf82b3,a244b554-085f-45b9-bebb-819177d0947c,wallet,USD,2025-01-18 18:15:00,active
8c446802-1613-4aea-bb1e-6a54c54a8f3c,a244b554-085f-45b9-bebb-819177d0947c,checking,USD,2025-01-21 21:15:00,active
fdaf2c69-e429-4259-b59f-fdd0a0fd8f8b,45b62f4d-5e1a-484b-985f-a9d28042c0d6,merchant,USD,2024-02-23 05:42:00,active
7e3cdf09-125c-49a6-a986-2c3acb3ea597,121b4d69-da0a-42fe-b0af-ee01f29dc3ff,checking,USD,2024-01-19 11:10:00,active
4422aca2-2b66-4580-a9df-a05b6932f020,121b4d69-da0a-42fe-b0af-ee01f29dc3ff,checking,USD,2024-01-14 19:10:00,active
882ff836-e9f1-4821-b06a-040ac23cf6de,d93624fe-c5d0-4d56-abbb-c2314bab609f,checking,USD,2024-03-24 10:02:00,active
2cdbd2ed-0c2e-4aeb-b2a0-92c4853b5da1,d1d17634-85d0-4a8a-9a15-28f7a1fc950f,checking,USD,2025-01-16 12:07:00,active
2cc2bd5e-d01c-4da0-a1d5-ee063c65f940,d1d17634-85d0-4a8a-9a15-28f7a1fc950f,checking,EUR,2025-01-16 17:07:00,active
9165bb03-d325-4cf9-8f69-b9fee6615e27,bae0a656-18d1-491d-a031-a89729cb5323,checking,USD,2025-02-26 04:00:00,closed
15d665c5-63d6-4aae-89a3-3f6fe57268f5,bae0a656-18d1-491d-a031-a89729cb5323,checking,EUR,2025-02-25 06:00:00,active
87dfac96-ea57-4466-b1e3-4eed91bc79c4,bae0a656-18d1-491d-a031-a89729cb5323,wallet,USD,2025-02-24 12:00:00,active
959f5195-f57a-46b8-857c-3952fc770138,430e6234-7789-4564-8b20-31ae128bf285,wallet,USD,2025-01-21 03:13:00,active
af22f9e4-edcb-4e5a-bab5-0c69fbb1eebb,36bcd4a8-bd2d-45b8-9f6a-f6561f4eac5b,savings,USD,2024-03-18 10:44:00,active
694aba88-22a4-4650-946c-99bd7b4322e9,42553a15-6cf0-4551-a3e8-62b6a0c61605,wallet,USD,2024-04-02 22:18:00,active
3911e1ec-a7bf-46dd-a3f2-3b21c898c23e,47a013ae-3143-4f1c-a5d9-d0668663b55f,wallet,USD,2024-01-07 04:24:00,closed
ccaff501-daff-4d1e-819c-d13f7d0a352c,fb05b36d-27c9-432c-b99d-657bfa2d3d64,wallet,EUR,2024-01-16 16:55:00,active
58958138-ae46-41f4-bcab-ef2adf99db84,fb05b36d-27c9-432c-b99d-657bfa2d3d64,wallet,USD,2024-01-11 23:55:00,active
c218079a-d707-4661-929b-2c3bba6ccff6,cdf27596-e7ca-4777-8b5b-e2bbdd2d4962,checking,USD,2025-01-02 08:57:00,active
582179d5-f0c8-47f1-a330-b2cce4337203,1cb69bc9-f4f9-45f8-8780-3f9abd4d6392,checking,USD,2024-08-29 14:59:00,active
f7b216b5-09ba-4bbd-ba4b-2eda5abe3d4f,1cb69bc9-f4f9-45f8-8780-3f9abd4d6392,merchant,GBP,2024-08-27 02:59:00,active
9016540f-4bd2-4710-9800-5a4c0dce682f,21d6b4a9-3f21-414c-89ff-b119b43cf5d1,merchant,USD,2024-07-25 03:10:00,active
d93c2864-4891-4af5-8d47-9a94e5780314,21d6b4a9-3f21-414c-89ff-b119b43cf5d1,checking,USD,2024-07-22 07:10:00,frozen
ecce287f-44c6-473e-9645-2686a951caa2,21d6b4a9-3f21-414c-89ff-b119b43cf5d1,merchant,USD,2024-07-21 10:10:00,active
a2c511f1-4f22-4ac7-afcb-f26c15db8d1a,42fa3bfa-c4f6-49eb-ab80-835aeeff23e3,checking,USD,2024-09-14 03:51:00,closed
2dc953cd-987d-43ff-b04d-19a4faac6205,a42cdb29-d329-4b70-924c-7197abeb8f50,checking,USD,2024-01-23 03:17:00,active
66dd3295-8a74-4b71-872e-b2a265c2bf74,a42cdb29-d329-4b70-924c-7197abeb8f50,savings,GBP,2024-01-23 12:17:00,active
3a26c166-71a8-4e9e-a7f2-57733add90cb,6206c8d6-196a-466b-80d1-d436707e1873,wallet,EUR,2024-07-23 00:43:00,active
6c7b0614-2aca-45ec-a423-28460a4f09f0,bcdfa823-5c33-4c9d-87d2-85dfb2d97277,checking,USD,2024-08-14 07:58:00,active
a13389a8-5830-4486-9474-f2bf9c6b6a45,e3760948-ba3b-4d04-bcb2-f2a6b45efafa,savings,USD,2024-10-09 16:51:00,active
95b209c2-bfae-42d4-8dc7-b6fb76532d1a,e3760948-ba3b-4d04-bcb2-f2a6b45efafa,checking,USD,2024-10-12 18:51:00,active
28dbe32e-22d1-4d1e-a7cf-aece5058cb4c,4d4d00c8-c03c-48bd-86a4-e741d4e49c42,wallet,SGD,2024-03-12 22:58:00,active
0324bd03-838c-4341-8f2d-6ca255c158f9,1c64f343-8835-4b70-9638-ff0d3e4aecff,checking,USD,2024-06-21 00:35:00,active
017a2142-8d6d-46f8-a8db-a45aff500d15,1c64f343-8835-4b70-9638-ff0d3e4aecff,wallet,GBP,2024-06-17 16:35:00,active
ec0db152-d99d-4dee-85c1-deb63a12f13f,cf41adaf-d800-41e2-9cc6-49e4349b8ae7,checking,USD,2024-01-21 04:56:00,active
6b63e21e-9a48-47c5-8c1f-bc430c4a6c1e,73ecfa69-0997-4bf8-aa5a-c189cd678ca3,checking,EUR,2025-03-02 12:59:00,active
ec1488d6-9817-454f-995d-75b98f11a24e,73ecfa69-0997-4bf8-aa5a-c189cd678ca3,checking,USD,2025-02-25 15:59:00,active
5dbd5a45-5ce8-4315-9c0b-ff0a372668e4,8a39e064-bb24-44d8-af50-b6c0cac3a4b9,wallet,USD,2025-02-03 02:39:00,active
60edfd2c-35f7-4bc1-a959-40b24fdd70ef,545f71fb-c00f-414b-9baf-544365517a43,checking,USD,2024-01-16 01:05:00,active
6082bd20-a564-4919-a231-29237f6367f6,545f71fb-c00f-414b-9baf-544365517a43,wallet,USD,2024-01-20 19:05:00,frozen
04dc8074-e53c-43f4-9f2a-b44ba2e4e865,545f71fb-c00f-414b-9baf-544365517a43,checking,GBP,2024-01-16 17:05:00,active
cc85231a-5b36-42c5-a94a-c269208f83d4,e61b72b1-bc6f-499c-8446-8e624af4f321,wallet,SGD,2024-12-06 23:11:00,active
b26112a9-8bff-4151-9784-2c0ceffedcc1,c61e3a38-584d-417c-bdd9-5396ca262ec3,wallet,USD,2024-01-27 05:48:00,active
cd9f4e6d-8e41-4290-aa1a-3ce74585f4e6,4fa69d39-1ab5-4def-a728-a9b04ff8205d,savings,USD,2024-12-19 04:48:00,active
d10884f6-08d1-4cba-a0e5-dc1dbc517ffa,d4cddc06-7211-4500-86d7-88fa7db1fc3b,wallet,USD,2024-09-12 07:20:00,active
c67845e3-1f96-45ea-b046-da3b47080ce6,d4cddc06-7211-4500-86d7-88fa7db1fc3b,checking,USD,2024-09-11 14:20:00,active
b929b9b2-8b25-42e9-b4d4-072b3b685930,2b2679bf-f428-4bc2-83b3-ce66b4076d48,checking,USD,2024-11-11 10:52:00,active
f3d7efdd-ab4b-4566-bfa4-f33ec8266561,2b2679bf-f428-4bc2-83b3-ce66b4076d48,wallet,USD,2024-11-12 01:52:00,active
3a482273-bad1-4eca-9450-ae9ca4daa4fc,f712bc23-a1f3-4410-a042-bc3b6bab408a,wallet,USD,2024-10-08 17:41:00,active
d17a5242-87b9-496c-879f-fd02518ae821,0fd1465c-33a6-49ab-b740-2d4254fa98ca,merchant,USD,2025-03-01 00:56:00,active
179fc859-d736-46a3-b294-54f959dc03aa,6971effa-baee-4004-a964-1e4be377aa23,wallet,USD,2024-10-21 11:33:00,active
10ece6f7-8fe0-4b8b-828e-30fccd15bc8a,053f7d07-7dd6-444b-8d6f-6aff1f6071b0,checking,SGD,2025-02-06 14:29:00,active
c302b67c-53ae-4b49-8f17-e436fe4270a2,e1325853-cd9f-47b3-95ea-b32b03948d8e,checking,EUR,2024-03-16 16:53:00,active
1ac40e81-9cd7-4a99-90a2-d610e6c48985,e1325853-cd9f-47b3-95ea-b32b03948d8e,checking,GBP,2024-03-19 10:53:00,active
2c7222ff-c836-4359-8abf-b91b82900014,343e34e4-0394-4da1-b910-757deed67d0e,checking,USD,2025-04-07 05:34:00,active
237bd0aa-05ac-4c3f-8eaf-5701a46681f3,93412f07-fffe-4bb4-a1cf-6d678bfb89a2,merchant,USD,2025-04-06 08:57:00,active
1680f6bb-d087-4dd8-8a8c-992feac314ca,93412f07-fffe-4bb4-a1cf-6d678bfb89a2,savings,USD,2025-04-09 17:57:00,active
e708b815-1d12-429f-ac70-a5564a93a7d5,191e3e88-aee5-4538-bd27-91e65a650c07,merchant,USD,2025-01-03 08:45:00,active
091941ee-1bf5-44e8-87c6-6bdceba5035c,957cff9a-869d-4cda-bc0d-7450853a3a54,checking,USD,2024-10-04 21:24:00,active
63c5011c-dfb5-4db7-acb6-ec2cb0ffc367,a3c70fef-6d57-4ca5-bbd3-ac2e8edd8923,wallet,USD,2024-01-28 14:58:00,active
6c61ca0d-2cb2-4d73-96fa-11fb46bd1c42,a3c70fef-6d57-4ca5-bbd3-ac2e8edd8923,checking,USD,2024-01-27 03:58:00,active
dc262a64-f0ce-4358-a4f9-4698bf1ed2df,47fb854f-40e9-419e-b3eb-d9ff8da2bf3e,checking,GBP,2025-01-31 17:03:00,active
a074b3b8-2e14-4860-910c-4d25523ac61f,b446bb48-9078-45d1-881e-ac4c947fc09a,wallet,USD,2024-04-10 17:57:00,active
dd5504fc-2027-45e4-b598-044651d89897,b446bb48-9078-45d1-881e-ac4c947fc09a,wallet,USD,2024-04-04 04:57:00,active
6f4cd3c2-7f8c-42d1-9046-357cb7664234,b446bb48-9078-45d1-881e-ac4c947fc09a,merchant,GBP,2024-04-09 21:57:00,closed
f744cba1-5755-4289-be04-f43445877ed8,28dd5fd7-4e7e-431c-9df7-8ab64947fc24,merchant,USD,2024-09-13 08:34:00,active
234606af-665c-48cd-81a2-67230919a561,24b83df9-f3c4-42ae-b763-7d3a5315ed86,checking,USD,2024-12-12 09:29:00,active
2ce2ba46-a714-473d-bd1d-3a460b1b61d2,24b83df9-f3c4-42ae-b763-7d3a5315ed86,savings,USD,2024-12-05 17:29:00,active
bbada0c7-1cd4-4161-be73-487db5713369,e791a726-c928-4349-82ea-a7d2aa527d16,checking,USD,2024-05-26 09:40:00,active
24b3ab7a-13d3-40d7-b46b-2f727d136baa,e791a726-c928-4349-82ea-a7d2aa527d16,checking,USD,2024-05-24 02:40:00,active
a4b45c92-66a5-4539-a385-86d21bcb1068,87b471ac-ce81-4e98-90ed-133054b61bdf,wallet,EUR,2024-01-19 13:54:00,active
dbb7c45a-2625-4a07-b129-614a1f7bbdf2,c4c1c4be-a28c-449e-b1d3-ebeffc3d398d,wallet,USD,2024-02-02 21:26:00,active
f5226019-487e-4129-a5a9-a96d34df185f,3d87d63e-8a2c-4d9d-9dbe-570685664104,checking,USD,2024-12-27 17:36:00,active
d8d8663f-77bb-457b-b401-cad89e4830e9,e88f1929-e585-4a34-b9e0-abb04e6fac92,checking,EUR,2024-01-20 20:49:00,active
0ccb3739-1720-46a0-a16b-d5b33bee9034,586f7caa-1d38-4ec8-b5cf-5a0c01c701e1,checking,USD,2025-03-17 08:04:00,active
cdf860c7-408b-43cb-bb2a-fb70240866d3,b0478928-7d40-4adf-a3b2-e750f0f21a85,checking,USD,2024-08-07 21:13:00,closed
698e698c-59ed-4dc2-a5a7-683a52af85b1,0ed37518-5928-4d48-bad4-01344d7a55a5,savings,USD,2024-09-29 22:30:00,active
48ccc5f1-298e-4430-81d0-072910eeb2dd,8adee09e-d645-4d1f-8c52-c8c4235879a2,savings,USD,2024-11-15 18:16:00,active
b3b77c87-3b07-46ad-8a99-b8f2a2219ae6,85fb2ac7-b7ec-4180-9cf4-99a7c1b25ea6,checking,USD,2024-09-24 18:40:00,active
fced0f37-635a-4979-b78d-d1c66afacd07,39d148cd-4a2b-4d2b-b173-de5561d372df,checking,USD,2024-04-13 20:07:00,active
2f44556e-e1ba-4089-8a24-7318f9fd919b,f1e80b91-d817-4b31-8d18-a122c51ef4a9,wallet,USD,2024-11-14 15:26:00,closed
7ab8eb3e-8968-4dbd-9745-6014d92266c6,925e09a8-ef67-4338-90b7-df79c11e328e,checking,USD,2024-04-23 03:18:00,active
6cbb5a7b-521a-422c-a9dc-f91e2d15224b,4e8e5cbe-a1d9-4859-ad73-d28df55d26ee,checking,USD,2024-01-11 10:43:00,active
ffc2d4b8-8d68-4142-b4cf-d6dc47a84b01,4e8e5cbe-a1d9-4859-ad73-d28df55d26ee,savings,USD,2024-01-07 20:43:00,active
17ad544e-e1f5-4206-bedb-1c3132f6ee21,fb7c8849-3ef7-4f12-872d-1e1686db355e,wallet,USD,2024-04-06 13:21:00,closed
4a7840ef-db68-4734-902d-d21f8af87b45,eaa2c365-57b5-4c74-9ab5-1c3d6c9c3a16,savings,USD,2024-01-22 22:08:00,active
67070639-7d88-4004-bfb1-7be903ad662c,9e6424bb-3554-492b-88e3-229332d2ec4a,savings,GBP,2024-08-30 05:59:00,active
f7ade0f4-8f57-440d-a242-b26e8be10187,8b327e2a-e0b6-4323-8f4e-0ba4527b390b,checking,USD,2024-10-05 05:13:00,active
9b7c6328-3a8e-459b-8740-a766de3ded4a,3632f136-664f-4bf3-b77a-29b0635f7fba,wallet,USD,2024-03-26 22:53:00,active
886c020d-c733-481f-9f31-c8f470aa7e74,9f409e9e-a1e2-4d9d-b974-a2d349468049,checking,GBP,2024-07-24 20:38:00,active
52b02955-7d7b-4bca-ac7f-b4d291185ae7,18ef9d9e-fafc-441a-9676-21b4fd3b1de1,wallet,EUR,2024-08-04 01:31:00,active
47a11fdc-f315-4961-af94-fc213fd446fd,62c6da84-667e-4da5-9e4d-ac08ce36f855,checking,USD,2024-09-29 14:11:00,active
d10a75da-9901-4cb2-a898-781088257226,5dc120f5-3303-4e78-91e1-4734b18d4aa9,checking,USD,2024-01-21 03:57:00,active
ee277596-c553-4211-8802-4dae23f33b64,5dc120f5-3303-4e78-91e1-4734b18d4aa9,savings,USD,2024-01-15 20:57:00,active
c7ed43e3-17f8-4b9b-8de6-9363e5b92907,c07c7c49-20a8-4d4f-ac10-d1ab786230ef,wallet,USD,2024-06-08 03:09:00,active
3eda474d-b450-4d68-b0be-7bb8110c2392,bd323b78-c147-491a-9368-5841c434ea1b,checking,USD,2024-03-11 05:46:00,active
814168e1-f305-441f-aeb8-a6e9b993f28c,234d5b70-ee55-407a-ac8a-c8d15307e6a9,checking,USD,2024-01-29 11:54:00,active
3ee5cd86-5ea7-4015-b1ea-a25d5e2a8d0b,234d5b70-ee55-407a-ac8a-c8d15307e6a9,checking,SGD,2024-01-31 13:54:00,active
31a28213-521c-498d-b92d-ca8e74de318d,86375528-6105-433c-a731-1492027a5ed9,merchant,GBP,2025-02-05 23:47:00,active
d25e71f6-80bb-40fa-88af-40b89b3e3abf,86375528-6105-433c-a731-1492027a5ed9,wallet,USD,2025-02-01 04:47:00,active
51d41ac5-168a-4302-b41d-f7de30d4db00,86375528-6105-433c-a731-1492027a5ed9,wallet,USD,2025-02-05 20:47:00,active
b8856e5d-16ef-49f0-b1f6-ed9c56c3b11e,38865242-012c-48f5-9226-369fc282e5bb,merchant,USD,2024-04-22 11:18:00,active
cee8d7ad-3587-41db-b6a9-944dc21d0684,004d55be-c6a3-47a2-bed4-311d845e7184,checking,USD,2024-03-29 15:07:00,active
384ff0fd-c9e6-40ed-9a66-0bddb45bf741,816915aa-d79b-42fe-a19c-e80cf7c1ddfb,savings,EUR,2024-10-13 08:17:00,closed
6d288eae-9b19-4bf1-a86f-5e71562f2304,816915aa-d79b-42fe-a19c-e80cf7c1ddfb,savings,USD,2024-10-11 23:17:00,active
06bb7cbc-11be-4535-858d-d07e5f6d6930,fd077dc8-7499-4bd7-8688-429a3743f67a,savings,USD,2025-04-02 06:34:00,active
5c30d84f-36a7-4d01-910f-9c4d7cf96981,fd077dc8-7499-4bd7-8688-429a3743f67a,wallet,EUR,2025-04-06 09:34:00,active
225347b7-17b3-4cba-8002-ba5ba1669bf5,94d67cb7-422a-45ce-8a96-b566039c745d,checking,USD,2024-07-15 20:05:00,active
5f5fcddf-ceb6-42ed-b1a3-e5f54ae85e20,94d67cb7-422a-45ce-8a96-b566039c745d,merchant,USD,2024-07-18 06:05:00,active
686ac882-22cd-4b46-b699-02a195f04063,270f887b-7673-4df8-915b-8cca2534f5bf,savings,USD,2024-12-23 04:28:00,active
b7c8dede-a65c-4c98-8af6-b0b52e1c4e6f,6a5ee528-b650-4e75-8df4-04990c5f9437,merchant,USD,2025-02-21 09:05:00,active
2f2703ff-981f-484d-a36b-7abc1a9af717,6a5ee528-b650-4e75-8df4-04990c5f9437,wallet,USD,2025-02-25 13:05:00,active
735bd265-4d44-4b41-8bea-b4fa6b560712,f63f7e91-a2e3-4274-a8c8-5e92a322af52,savings,USD,2025-02-28 00:29:00,active
79b486d9-6c88-4af8-abc3-61bbdf710f36,f63f7e91-a2e3-4274-a8c8-5e92a322af52,wallet,USD,2025-02-27 04:29:00,active
70306875-913b-4f94-804d-c12c8a5f8e44,742f40b6-e21c-487b-bbf1-90c5ef8e44c6,checking,USD,2024-05-03 13:09:00,active
050575b4-4d28-4aa5-a44b-4e37f970a658,91188874-058e-428a-9586-ee443f27b7cc,wallet,USD,2024-12-29 08:21:00,active
2954e185-383a-44bd-ab26-df7ce795608c,a3135cab-a8be-467b-bab1-1bfef8ed2541,savings,SGD,2024-09-07 04:22:00,active
eaf04d82-b12f-4371-8fe4-d5429c71724d,b395cb54-5ecb-4e8c-a98f-7de4b08a991e,checking,USD,2024-09-23 02:25:00,active
cbc12927-6fa2-4ca6-8010-8d4d2317e4c4,b395cb54-5ecb-4e8c-a98f-7de4b08a991e,checking,USD,2024-09-24 15:25:00,active
7c6803b7-e0b4-4322-99ff-dec762c6a849,b395cb54-5ecb-4e8c-a98f-7de4b08a991e,checking,USD,2024-09-24 02:25:00,active
c63b99c2-ad28-4aba-a872-0aad231b60e8,84cc4ef3-2846-48a0-9415-30425835ddf2,merchant,USD,2025-02-12 17:34:00,active
fdd3ee64-6682-42fa-a955-514f2227a1c8,dbe07831-1f3d-40d2-aeab-8ea3d43381d7,checking,GBP,2024-09-05 05:04:00,active
3d03e6f1-c30a-4778-99d7-3cc00a91f988,0b06b51e-5a79-4362-8316-2c65344d827a,checking,USD,2025-02-10 00:34:00,closed
7f843b57-52f8-4b02-b6ad-f461b3cb69ae,0b06b51e-5a79-4362-8316-2c65344d827a,wallet,USD,2025-02-09 10:34:00,active
469a334c-75a4-465c-a3ac-2c19f279b668,0b06b51e-5a79-4362-8316-2c65344d827a,merchant,SGD,2025-02-13 14:34:00,active
2081a459-0f4f-4280-a83c-babeff038fe3,838188c6-8bc4-4ea8-83ad-ceecf05e9b72,checking,USD,2024-10-24 08:07:00,active
fdc46358-9d22-4165-aa94-e4b203a68c8b,838188c6-8bc4-4ea8-83ad-ceecf05e9b72,wallet,USD,2024-10-28 06:07:00,closed
2a57f87d-7016-41a7-8aec-c70c6f78bd10,a122250e-c7e6-4781-9d46-b6a6fc969789,checking,USD,2024-06-11 00:04:00,active
723b0752-8b49-4f0e-9e18-7f0a692bb4bf,a122250e-c7e6-4781-9d46-b6a6fc969789,checking,USD,2024-06-09 21:04:00,active
d980c74a-a661-43a4-9545-3ed91f58e425,1f888cb6-5ecb-4fa2-a071-e87c0fc3d3a9,merchant,USD,2024-09-14 05:42:00,active
1cee19b7-364c-4941-836e-c1a839489a2b,34fb13eb-a0bd-42f6-a6bf-ed4eea645c04,savings,USD,2024-11-28 14:48:00,frozen
439f5163-c0ae-490a-8f66-88f3e61f3027,34fb13eb-a0bd-42f6-a6bf-ed4eea645c04,checking,USD,2024-11-25 19:48:00,active
b0b23058-f964-4461-aa8d-bc09b38e4656,22a24871-496f-4c0a-b337-fb3f8323441a,wallet,USD,2024-08-23 04:13:00,active
071e7c94-d385-46d6-b394-519310e8d1de,22a24871-496f-4c0a-b337-fb3f8323441a,checking,USD,2024-08-20 22:13:00,closed
d684e04f-7e7f-41c6-9d6b-a2d1a0db59ca,cd5bd96a-badb-47d1-9610-e15766828d8c,checking,USD,2024-08-16 06:58:00,active
fa60348e-b09e-4b19-bc97-fabdf91a3bd6,47ace635-44df-4293-9367-b3dcb2065a48,checking,USD,2025-03-17 22:54:00,active
2d2b72f7-393e-4f96-91b3-d6379dee8788,47ace635-44df-4293-9367-b3dcb2065a48,wallet,EUR,2025-03-18 13:54:00,frozen
e8de423c-f78d-4039-bca7-ae93d6ab818c,47ace635-44df-4293-9367-b3dcb2065a48,wallet,USD,2025-03-12 01:54:00,active
8657f525-35cb-408a-af11-8c57978ad317,2f5db665-7d30-4b68-811f-94229e25565c,merchant,USD,2024-10-16 22:07:00,active
f3e19378-4307-4d77-904e-e268a09e46d0,2f5db665-7d30-4b68-811f-94229e25565c,checking,USD,2024-10-18 16:07:00,active
e0bc1cde-efd6-4ecf-8105-a3758a0ca555,2f5db665-7d30-4b68-811f-94229e25565c,wallet,SGD,2024-10-22 06:07:00,active
04026f8d-7e3b-4e0e-ad9b-870d9f44de66,d08ff997-9d15-43a5-89cb-c8a2668821a4,wallet,EUR,2024-07-30 02:20:00,active
b2564d52-c5b5-48b0-b930-32013cb3d8e0,f3c81f6f-c5a1-43e6-b3bf-b95b12c5c892,checking,USD,2024-09-01 05:12:00,active
724e4dfe-b71f-4e4f-9ad9-e4c2dc3f28bb,f3c81f6f-c5a1-43e6-b3bf-b95b12c5c892,checking,USD,2024-09-09 17:12:00,active
6ebdc023-7a70-4245-8770-3b2136e08065,f3c81f6f-c5a1-43e6-b3bf-b95b12c5c892,wallet,USD,2024-09-08 20:12:00,active
0671799b-4361-4e6d-9f7f-279a88814611,6182a55b-266c-48f7-a7d1-112ba272c63f,wallet,USD,2024-12-17 18:08:00,active
2246f438-63a0-467e-bb74-7c9bdef13fc0,415f05b3-1329-445b-b863-cbd16267d8ac,wallet,USD,2024-08-20 07:05:00,active
0f7f95cc-5df0-418f-925f-980365161beb,415f05b3-1329-445b-b863-cbd16267d8ac,checking,USD,2024-08-20 06:05:00,active
f0c0d034-8a69-4ef8-a5f5-136e82e98656,415f05b3-1329-445b-b863-cbd16267d8ac,checking,USD,2024-08-21 09:05:00,active
249ab894-567c-40c7-a31c-a2dbeaacc229,6d5d05c4-5db9-4401-a573-628b17d8eddd,wallet,USD,2024-08-07 16:11:00,active
8a105793-ad13-4f9e-ae0d-f81a38696b5f,6d5d05c4-5db9-4401-a573-628b17d8eddd,savings,USD,2024-08-14 13:11:00,active
f962ce0b-c9c3-4834-8467-e4b0c5ab8180,68857c7e-6849-425b-9c62-698182334655,checking,USD,2024-04-15 14:38:00,active
dff80484-588a-4c75-8038-cd267029bed7,5005812c-78c8-4f5b-a9e8-1479b1f133a2,checking,USD,2024-08-06 10:36:00,active
ca5c9546-b776-4e5d-8acd-0a6a1ab182ab,4322aa57-5ad1-4d03-9a68-24db7f7ff663,wallet,USD,2024-09-07 00:05:00,active
ad76039f-06e9-468e-a58c-79499f28c767,4322aa57-5ad1-4d03-9a68-24db7f7ff663,wallet,USD,2024-09-09 01:05:00,active
e348b58a-1954-4066-9fba-0e0de8b41e59,4322aa57-5ad1-4d03-9a68-24db7f7ff663,wallet,USD,2024-09-12 08:05:00,active
ea4abe05-d8db-49ea-8e14-154b9056b6c9,23634838-d3cc-4bd0-94a0-8d1334e285ac,checking,GBP,2024-09-02 00:05:00,active
45306414-3cbc-4e21-9944-ff7ddb95300f,23634838-d3cc-4bd0-94a0-8d1334e285ac,checking,GBP,2024-08-28 16:05:00,active
383ecc42-f3fa-459d-beac-91ba0204d152,867add70-a394-4365-99dc-b13bc18e2701,wallet,USD,2024-12-10 01:43:00,active
99b9d444-e29e-428a-8650-e2b0753cda6a,b319e9b7-9ff5-4dd8-bf61-2cc81ad05edf,checking,USD,2025-02-06 10:30:00,active
342c646a-f1ea-4a76-8c08-7ee51a415d24,b319e9b7-9ff5-4dd8-bf61-2cc81ad05edf,checking,EUR,2025-02-08 13:30:00,active
635355e9-4d0c-46f7-9b4a-77de1b50a9f4,af777076-7697-4857-b714-43e8c56983a0,checking,USD,2025-02-20 15:18:00,active
c568d096-08eb-4772-bce1-9e3528f000bd,af777076-7697-4857-b714-43e8c56983a0,wallet,USD,2025-02-22 07:18:00,active
6bd36499-278c-490c-9df7-95d9df658782,042b1fa3-607e-483e-8d3d-c328cbb2146d,checking,EUR,2024-10-19 00:03:00,active
dd9fd76a-e113-4180-8485-ad778ee22188,5cbcbafb-b2b0-44ba-989f-70dd8cfb6ff5,merchant,USD,2025-02-28 13:39:00,active
8be9b436-9174-4b3b-8372-0d224e95e063,21a95028-a7db-45f0-9431-228333b6365a,savings,USD,2024-05-23 08:08:00,active
49333fb3-6d18-409a-af95-4c2333a371b3,653d8c5d-86f7-4944-bfca-e09bd9a73993,checking,USD,2024-04-08 09:47:00,active
d8e88fb6-7af7-4cca-b071-4795c24531f4,4174b079-5b3e-4a8b-9d74-1ed70b0dbd17,checking,USD,2024-05-07 00:11:00,frozen
dc56b945-db45-4101-8b36-33bf933ce767,28f60488-d638-4874-b967-f094e65568f8,savings,EUR,2024-03-24 11:59:00,active
c0e2839e-b7b3-4b45-8842-a54db3c4b00c,28f60488-d638-4874-b967-f094e65568f8,savings,USD,2024-03-20 00:59:00,active
5715ddbd-da00-48bc-a631-16a86d2c08ab,28f60488-d638-4874-b967-f094e65568f8,checking,USD,2024-03-19 15:59:00,active
1cd8f28e-7141-49bf-8997-6f5eef4afc91,2b29c9ee-7a67-41c3-b69f-2f83eb1968a7,merchant,EUR,2024-07-21 08:42:00,active
64b101a6-7af0-463f-969b-f5fd492c3620,8396816d-1713-4cd6-863b-57f10d82c33f,checking,USD,2024-01-31 19:16:00,active
6a21d7bd-ec6b-4cee-8427-5f68db6e6f1c,8396816d-1713-4cd6-863b-57f10d82c33f,savings,USD,2024-02-08 03:16:00,active
b293208a-0789-4cf3-9210-a41d2391c0e1,8396816d-1713-4cd6-863b-57f10d82c33f,checking,USD,2024-02-03 00:16:00,active
abbc2340-1bc2-4c22-b5a8-7a262e783a25,6a201497-6a48-4be6-ad54-04e881a43e5e,checking,USD,2024-09-09 05:48:00,active
dafd27d4-c7c3-44e1-8ed3-8dd7c52dda99,6a201497-6a48-4be6-ad54-04e881a43e5e,savings,USD,2024-09-10 22:48:00,active
0cea7540-8907-42fe-b165-5ae42109d08a,6a201497-6a48-4be6-ad54-04e881a43e5e,checking,USD,2024-09-03 21:48:00,active
6d9b5933-ca16-4c87-b9be-eb146ef1749d,56c1c515-12c9-4649-86e9-9002d5861cfc,wallet,USD,2024-05-22 20:33:00,active
7bc623d5-0006-4083-913d-86f333e09d10,56c1c515-12c9-4649-86e9-9002d5861cfc,savings,USD,2024-05-19 14:33:00,active
4b485711-e000-4cdf-9fe0-df54252a3821,d985ab2a-83cd-4a26-b6c5-17d02c32d5d6,checking,USD,2024-12-16 01:33:00,active
ebb280eb-690a-46a7-92da-7e514c586e76,c2227e76-8227-483c-85b7-83d49370fcf6,checking,USD,2025-03-18 12:39:00,active
6c472b27-e7ed-4834-a0dc-6e0f4e9c2418,4aff2c8b-39c9-4749-ac4d-0f3d61d7f037,savings,USD,2024-02-29 06:41:00,active
d29997cd-ccff-4eb7-a04b-3a16e4ae8dcd,4aff2c8b-39c9-4749-ac4d-0f3d61d7f037,savings,SGD,2024-02-23 08:41:00,active
858c30ad-d2d1-4aee-85a9-12f802de09ab,4aff2c8b-39c9-4749-ac4d-0f3d61d7f037,wallet,USD,2024-02-22 13:41:00,active
ec292d19-8896-4e25-bd13-adf38d70fa15,372cdaea-13e2-4f4f-8cb0-6b374175a4e7,checking,USD,2024-10-31 09:33:00,active
47afceef-15fa-4b90-b1c1-985a9301dc41,59abed74-dcd3-47cf-a7ec-2d1fe8ba93e7,checking,USD,2024-01-08 17:00:00,active
58d944d6-659e-4698-90f7-a690ce413221,52296192-c9c4-43e1-bc99-edfbac5e6cdb,savings,USD,2024-05-25 17:12:00,active
4e1ec8c9-724c-420a-be80-a2e1135eff48,a3c24442-3ab4-434f-a838-ded25360827d,wallet,USD,2025-03-04 06:38:00,active
79929624-31d1-47ca-8440-17228c1e0c2b,a3c24442-3ab4-434f-a838-ded25360827d,wallet,USD,2025-03-12 18:38:00,active
6165766c-27c4-488d-be04-51ff99b3bbad,a3c24442-3ab4-434f-a838-ded25360827d,wallet,USD,2025-03-05 12:38:00,active
e482afb1-d82a-4ea0-a5a9-858d17073467,342b8f87-7ebf-4a2c-936d-5d9bf2e27086,checking,USD,2025-01-30 10:36:00,active
ff2db505-a29b-4dd4-b220-6d3e80626106,5af3dee6-1c7f-4afd-8e0f-3edf03de4ebe,checking,USD,2024-06-06 10:42:00,active
3a62e9be-8979-4034-b2e2-d747b980ec7d,5af3dee6-1c7f-4afd-8e0f-3edf03de4ebe,wallet,USD,2024-06-01 23:42:00,active
735c3d8a-c345-4e09-b9e9-0b27351130d9,bac58e13-c87e-446d-addc-a69b4b7a4572,savings,USD,2024-08-08 22:57:00,active
28d99dc9-75a1-4eab-98cb-c6d9e36c62cf,bac58e13-c87e-446d-addc-a69b4b7a4572,wallet,USD,2024-08-13 14:57:00,active
4a9fc963-e3a4-4128-b3b6-3207d27ec47b,c8992150-0fc1-49cf-b7d5-b7241ae9bcd8,checking,GBP,2024-02-06 20:24:00,frozen
478b9395-37ed-4516-84bc-20de2732e032,c8992150-0fc1-49cf-b7d5-b7241ae9bcd8,savings,USD,2024-02-05 02:24:00,active
e11ac1b2-e1d6-4daf-b7d7-de589993f21a,d70c80bb-212d-4fdb-82d6-07c0cd97fb52,wallet,USD,2024-02-10 11:59:00,active
d2043d7d-a9a8-4b81-83b4-9e9d12e7ab51,40ef5964-bbcf-4019-afeb-24a0cfe3830a,checking,GBP,2025-01-29 11:13:00,closed
e7195f84-475c-4796-bd72-aecf0910bf3b,40ef5964-bbcf-4019-afeb-24a0cfe3830a,checking,EUR,2025-02-02 17:13:00,active
ec380007-867d-4f07-90f2-5dec0b3ac2c3,e03160f3-72b8-4376-92ef-7c2350911f83,wallet,USD,2024-02-15 01:36:00,active
c218ea6a-1206-4447-a14e-e6b4e51775b1,63c9bb32-9823-4a19-aa5c-e2fb8b175137,checking,USD,2024-01-05 10:42:00,active
966659f6-a5fe-41a0-87a1-175a5c990c87,63c9bb32-9823-4a19-aa5c-e2fb8b175137,wallet,USD,2024-01-03 16:42:00,active
26fe097a-d55c-4490-8ba1-a311e1667749,94ad445e-a22c-4e16-83b9-3aa1ff45d115,checking,USD,2024-09-22 23:49:00,active
220921b7-c2fd-4808-9865-8993d70f232f,7979621e-0ba1-4e05-80f3-fea0052fd108,wallet,USD,2024-02-06 12:14:00,active
51c486c4-d831-4b78-bfe3-e49ab887b228,61a9c9dd-af4e-40d6-9b48-18afda332bff,merchant,USD,2024-07-05 09:43:00,active
24c641f9-0109-435f-86e5-cc2172ee0bf1,1eafd0b4-c40f-460d-865a-5a55517f6996,checking,USD,2024-10-07 13:05:00,active
5e654d9b-9ff7-4e1f-9bf5-9c5fbaf17eab,1eafd0b4-c40f-460d-865a-5a55517f6996,wallet,USD,2024-10-03 18:05:00,active
5458ae64-37b3-4f86-8e0f-e7f04c10871b,f0f2cecc-a591-48c1-a5c2-4ee61e1f477c,wallet,USD,2024-10-18 15:24:00,active
d5138ded-71bc-497e-9e08-e776c94ddc24,d09a7b6e-3fc4-4498-a1d0-a01918dff3b3,savings,USD,2024-07-09 01:05:00,active
ee223859-c347-48fe-a9fb-e6b22b12158e,d09a7b6e-3fc4-4498-a1d0-a01918dff3b3,checking,USD,2024-07-09 01:05:00,active
b578e676-3683-4db8-b060-d4141061938b,a7ec1c18-73e7-4191-b8ba-f8a13d9f0d06,wallet,EUR,2024-01-21 15:37:00,active
1b11d572-ea90-4154-b19f-a4400ea2fdf7,a7ec1c18-73e7-4191-b8ba-f8a13d9f0d06,savings,USD,2024-01-22 16:37:00,active
367c9602-496a-44f6-9f4e-0b685f99d4e9,33d66dad-c70a-448c-b37f-46ddd8e2be75,merchant,USD,2024-10-09 03:01:00,active
ba402346-e32a-489b-a176-70d5ce56c476,33d66dad-c70a-448c-b37f-46ddd8e2be75,savings,USD,2024-10-05 21:01:00,active
ee0e51ed-1e87-4aa0-9229-137a9091d1e5,88f405cc-7f74-4e95-8a0b-320d375e74d3,checking,SGD,2024-04-21 22:42:00,active
881cee4f-d227-47a7-9ae8-035b6c656b49,a4b10acc-3f40-4a7e-ae1b-042105e54399,checking,USD,2024-05-03 19:02:00,active
f8cf4144-9e9d-469b-a0a6-f134d6cb27f9,a4b10acc-3f40-4a7e-ae1b-042105e54399,savings,EUR,2024-05-08 06:02:00,active
394bd8d9-2e87-48c6-902f-017f0309cedb,8e664198-dfa3-474a-ae59-3c966893c008,wallet,USD,2024-01-29 06:44:00,closed
7afad877-64f5-40e8-99d7-50ed1130c686,8e664198-dfa3-474a-ae59-3c966893c008,merchant,EUR,2024-01-28 02:44:00,active
d1e65089-78c1-41b9-88c1-2ff94599a1bd,8e664198-dfa3-474a-ae59-3c966893c008,wallet,USD,2024-01-31 09:44:00,active
92aceeea-5cea-4c0b-a516-1804af415b7d,b4860d93-6c72-403d-bfe6-9871f561fc2a,checking,USD,2025-02-11 15:29:00,active
4f07e589-6915-475d-97c6-6f03c431af32,2764d01e-a49d-4d2c-9cc3-2c0f36061e09,savings,USD,2024-11-10 23:14:00,active
7ed9e056-2c67-4797-b688-9828e4402f0a,2764d01e-a49d-4d2c-9cc3-2c0f36061e09,wallet,USD,2024-11-01 21:14:00,active
f3485384-f2d7-4ad8-9cb7-c928a21f7e8c,4eea8c93-fd09-4a4f-9d06-e6ade370584d,checking,USD,2024-12-23 05:20:00,closed
f473257c-0bcc-48d6-94e0-8c002f95f48a,8e8ba7c3-0f4e-4b59-a1b7-dd64bb1f6270,checking,USD,2025-02-16 17:48:00,active
98dd99ff-886f-46fa-aa98-e7a8cfdf2008,9fc9fecc-2f06-49d0-ae30-177075360b5c,wallet,EUR,2024-08-05 03:44:00,active
0a79156c-2190-4a65-a76c-302293944128,9fc9fecc-2f06-49d0-ae30-177075360b5c,checking,USD,2024-08-07 04:44:00,active
93c5e175-9bb3-4181-8bf7-698079876455,d17e3165-f4ee-446c-845c-cbd4b74db9e0,checking,USD,2024-02-24 22:39:00,active
21b25442-d496-43cd-9903-55a663275a3a,c5c32b29-4382-4dd6-8a4c-380cc862356d,savings,USD,2024-04-08 09:45:00,active
9cf8d186-2695-493f-9393-de5f028944ca,c5c32b29-4382-4dd6-8a4c-380cc862356d,savings,USD,2024-04-05 04:45:00,active
de9c6e3a-631f-4ea5-aa30-d5174ec4011c,d38e656e-e9dd-461e-a6b0-6c26ce1d57a9,wallet,USD,2024-12-22 01:13:00,active
08208f8c-421a-4554-bbd1-eee8262ea5ba,d38e656e-e9dd-461e-a6b0-6c26ce1d57a9,checking,USD,2024-12-26 22:13:00,closed
778832f1-38d1-421a-94e4-be9b208f2513,2e9eb522-2d51-4519-be12-5724d1cd003a,checking,USD,2024-11-09 23:02:00,active
624e8ef6-5ec5-45d2-9312-130949d80bad,620787c9-b1c9-48aa-8c75-df2e3672a961,checking,USD,2024-06-07 00:26:00,active
635f830a-87f0-4353-967b-68e739f2bb4e,8a5d9593-fdc6-4e6a-8409-a6f85b139948,checking,GBP,2024-11-21 00:55:00,active
0455e7b3-c4bd-42bc-851e-a1ebc8ae994b,8a5d9593-fdc6-4e6a-8409-a6f85b139948,checking,GBP,2024-11-17 11:55:00,active
a9a9e70c-de39-49e9-ace3-34a862c528d3,8a5d9593-fdc6-4e6a-8409-a6f85b139948,merchant,USD,2024-11-22 01:55:00,active
31d92d47-e95b-407c-8d96-0fa5007f1952,c911dc15-80b8-48f9-af14-71981e9f7d27,checking,USD,2024-04-20 22:03:00,active
60800e6c-2c2e-4bf5-afba-198fea0f9d44,c911dc15-80b8-48f9-af14-71981e9f7d27,savings,USD,2024-04-17 23:03:00,active
765804dd-f6c9-42ff-a32e-7e2917f571c8,09455572-5853-4785-b5aa-031e48518326,merchant,USD,2024-04-01 20:42:00,active
7d62324d-16fe-495a-a9b5-2c2a5e139b01,421da16e-4d53-4e08-b835-95ca93a8ee72,merchant,USD,2024-05-12 13:39:00,active
5f1fc201-2cac-4124-a6eb-d8bf2a324264,dd76775a-f724-4d48-96da-4596164180d2,checking,SGD,2024-10-11 01:10:00,active
cf9954ab-87ad-447f-bb3a-60a0f4838e64,e5447737-d31d-462b-8c63-85b94c8a4ff6,wallet,GBP,2025-01-05 02:37:00,active
8627092f-d9ae-4abc-b92b-f5442dcde23b,f5a1af3b-ea29-438b-a80d-863e697d4ffa,checking,EUR,2025-02-06 05:20:00,active
57a10399-7bc6-4850-836b-0867a5c4f0d8,f5a1af3b-ea29-438b-a80d-863e697d4ffa,checking,USD,2025-02-11 12:20:00,active
